CMS Certification Number (CCN),Facility Name,Address Line 1,Address Line 2,City,State,Zip Code,County Name,PhoneNumber,CMS Region,Ownership Type,Certification Date,Total Number of Beds,Location
112012,"COLUMBUS SPECIALTY HOSPITAL, INC",616 19TH STREEET,,COLUMBUS,GA,31901,Muscogee,(706) 494-4075,4,For profit,01/01/2004,30,
292003,HORIZON SPECIALTY HOSPITAL,640 S MARTIN LUTHER KING BLVD,,LAS VEGAS,NV,89106,Clark,(702) 382-3155,9,For profit,06/01/1994,199,
452034,CORNERSTONE HOSPITAL AUSTIN,4207 BURNET RD,,AUSTIN,TX,78756,Travis,(512) 706-1900,6,For profit,03/01/1994,157,"4207 BURNET RD AUSTIN, TX 78756 (30.312212, -97.74364)"
452063,LIFECARE HOSPITALS OF SOUTH TX,2001 M STREET,,MC ALLEN,TX,78504,Hidalgo,(956) 926-7000,6,For profit,04/09/1998,84,
102025,KINDRED HOSPITAL THE PALM BEACHES,5555 W BLUE HERON BLVD,,RIVIERA BEACH,FL,33418,Palm Beach,(561) 840-0754,4,For profit,06/01/2009,70,"5555 W BLUE HERON BLVD RIVIERA BEACH, FL 33418 (26.783495, -80.110304)"
462004,PROMISE HOSPITAL OF SALT LAKE,8TH AVENUE C STREET,,SALT LAKE CITY,UT,84143,Salt Lake,(801) 408-7109,8,For profit,02/01/2003,41,
192034,ST LANDRY EXTENDED CARE HOSPITAL,"539 E. PRUDHOMME STREET, 6TH FLOOR",,OPELOUSAS,LA,70570,St. Landry,(337) 948-5184,6,For profit,09/01/2002,24,"539 E. PRUDHOMME STREET, 6TH FLOOR OPELOUSAS, LA 70570 (30.543457, -92.075785)"
152013,KINDRED HOSPITAL INDIANAPOLIS NORTH,8060 KNUE ROAD,,INDIANAPOLIS,IN,46250,Marion,(317) 813-8900,5,For profit,09/01/1996,45,"8060 KNUE ROAD INDIANAPOLIS, IN 46250 (39.90199, -86.060174)"
452108,DALLAS LTACH LLC,8050 MEADOWS ROAD,,DALLAS,TX,75231,Dallas,(469) 232-6500,6,For profit,07/01/2008,60,
452075,KINDRED HOSPITAL CLEAR LAKE,350 BLOSSOM ST,,WEBSTER,TX,77598,Harris,(281) 316-7800,6,For profit,09/01/2000,147,"350 BLOSSOM ST WEBSTER, TX 77598 (29.54298, -95.126939)"
362029,REGENCY HOSPITAL OF CLEVELAND EAST,4200 INTERCHANGE CORPORATE CENTER ROAD,,WARRENSVILLE HTS,OH,44128,Cuyahoga,(216) 910-3800,5,For profit,12/01/2002,142,"4200 INTERCHANGE CORPORATE CENTER ROAD WARRENSVILLE HTS, OH 44128 (41.43237, -81.505347)"
282002,SELECT SPECIALTY HOSPITAL - LINCOLN,2300 SOUTH 16TH STREET - 7TH FLOOR,,LINCOLN,NE,68502,Lancaster,(402) 483-8444,7,For profit,02/01/2015,24,"2300 SOUTH 16TH STREET - 7TH FLOOR LINCOLN, NE 68502 (40.791403, -96.698402)"
012006,INFIRMARY LTAC HOSPITAL,5 MOBILE INFIRMARY CIRCLE,,MOBILE,AL,36607,Mobile,(251) 660-5611,4,Non-profit,10/01/1993,22,"5 MOBILE INFIRMARY CIRCLE MOBILE, AL 36607 (30.696443, -88.081017)"
112017,"LANDMARK HOSPITAL OF ATHENS, LLC",775 SUNSET DRIVE,,ATHENS,GA,30606,Clarke,(706) 425-1518,4,For profit,02/01/2009,42,"775 SUNSET DRIVE ATHENS, GA 30606 (33.965953, -83.411188)"
492011,UVA TRANSITIONAL CARE HOSPITAL,2965 IVY ROAD,,CHARLOTTESVILLE,VA,22908,Charlottesville City,(434) 924-7897,3,Government,07/01/2011,40,"2965 IVY ROAD CHARLOTTESVILLE, VA 22908 (38.050755, -78.548862)"
232031,"SELECT SPECIALTY HOSPITAL-WYANDOTTE, LLC","2333 BIDDLE AVENUE, 8TH FLOOR",,WYANDOTTE,MI,48192,Wayne,(313) 375-7075,5,For profit,09/28/2001,40,"2333 BIDDLE AVENUE, 8TH FLOOR WYANDOTTE, MI 48192 (42.209694, -83.148776)"
182004,SELECT SPECIALTY HOSPITAL-NORTHERN KENTUCKY,85 NORTH GRAND AVENUE THREE CENTER 3RD FLR CENTER,,FORT THOMAS,KY,41075,Campbell,(859) 572-3880,4,Non-profit,09/01/2004,33,
262017,"SELECT SPECIALTY HOSPITAL SPRINGFIELD, INC",1630 EAST PRIMROSE,,SPRINGFIELD,MO,65804,Greene,(417) 881-1657,7,For profit,11/01/2008,44,"1630 EAST PRIMROSE SPRINGFIELD, MO 65804 (37.147251, -93.266572)"
422004,SPARTANBURG HOSP FOR RESTORATIVE CARE,389 SERPENTINE DR,,SPARTANBURG,SC,29303,Spartanburg,(864) 560-3235,4,Government,10/01/1996,97,"389 SERPENTINE DR SPARTANBURG, SC 29303 (34.966404, -81.93694)"
392048,LIFECARE HOSPITALS OF CHESTER COUNTY,400 EAST MARSHAL STREET,,WEST CHESTER,PA,19380,Chester,(484) 826-0400,3,For profit,04/01/2006,39,"400 EAST MARSHAL STREET WEST CHESTER, PA 19380 (39.969058, -75.602325)"
012011,"NOLAND HOSPITAL ANNISTON II, LLC","400 EAST 10TH STREET, 4TH FLOOR",,ANNISTON,AL,36202,Calhoun,(256) 741-6141,4,Non-profit,07/21/2004,38,"400 EAST 10TH STREET, 4TH FLOOR ANNISTON, AL 36202 (33.657123, -85.823353)"
182008,CONTINUECARE HOSPITAL AT BAPTIST HEALTH PADUCAH,"2501 KENTUCKY AVENUE, 5TH FLOOR",,PADUCAH,KY,42003,McCracken,(270) 575-2597,4,Non-profit,04/01/2016,37,"2501 KENTUCKY AVENUE, 5TH FLOOR PADUCAH, KY 42003 (37.073255, -88.628215)"
362034,"REGENCY HOSPITAL OF CINCINNATI, LLC",10500 MONTGOMERY ROAD,,CINCINNATI,OH,45219,Hamilton,(513) 559-5957,5,Government,02/09/2005,39,"10500 MONTGOMERY ROAD CINCINNATI, OH 45219 (39.251968, -84.343986)"
452061,POST ACUTE MEDICAL SPECIALTY HOSPITAL OF TEXARKANA,2400 ST MICHAEL DRIVE 2ND FLOOR,,TEXARKANA,TX,75503,Bowie,(903) 614-7600,6,For profit,02/01/1999,49,"2400 ST MICHAEL DRIVE 2ND FLOOR TEXARKANA, TX 75503 (33.463693, -94.071428)"
262013,SELECT SPECIALTY HOSPITAL-ST LOUIS,300 FIRST CAPITOL DRIVE,,SAINT CHARLES,MO,63301,St. Charles,(314) 768-3400,7,For profit,11/01/2000,33,"300 FIRST CAPITOL DRIVE SAINT CHARLES, MO 63301 (38.780377, -90.484508)"
032001,SELECT SPECIALTY HOSPITAL PHOENIX,"350 WEST THOMAS ROAD, 3RD FLOOR",,PHOENIX,AZ,85013,Maricopa,(602) 406-6810,9,For profit,06/08/1993,48,"350 WEST THOMAS ROAD, 3RD FLOOR PHOENIX, AZ 85013 (33.480294, -112.079208)"
102003,SELECT SPECIALTY HOSPITAL - ORLANDO,5579 S ORANGE AVE,,ORLANDO,FL,32809,Orange,(407) 303-1766,4,For profit,01/01/2004,99,"5579 S ORANGE AVE ORLANDO, FL 32809 (28.476942, -81.371067)"
192032,LOUISIANA EXTENDED CARE HOSPITAL OF LAFAYETTE,"2810 AMBASSADOR CAFFERY PARKWAY, 6TH FLOOR",,LAFAYETTE,LA,70506,Lafayette,(337) 289-8180,6,For profit,01/01/2002,88,"2810 AMBASSADOR CAFFERY PARKWAY, 6TH FLOOR LAFAYETTE, LA 70506 (30.197997, -92.075264)"
452073,KINDRED HOSPITAL- SAN ANTONIO CENTRAL,111 DALLAS STREET  4TH FLOOR,,SAN ANTONIO,TX,78205,Bexar,(210) 297-7182,6,Non-profit,09/27/2000,44,"111 DALLAS STREET  4TH FLOOR SAN ANTONIO, TX 78205 (29.432941, -98.492684)"
222000,SPAULDING HOSPITAL FOR CONTINUING MED CARE-CAMB,1575 CAMBRIDGE STREET,,CAMBRIDGE,MA,02138,Middlesex,(617) 876-4344,1,Non-profit,07/01/1966,180,"1575 CAMBRIDGE STREET CAMBRIDGE, MA 02138 (42.37457, -71.107458)"
232023,SELECT SPECIALTY HOSPITAL-MACOMB COUNTY,"215 NORTH AVE, SUITE 200",,MOUNT CLEMENS,MI,48043,Macomb,(586) 307-9000,5,For profit,01/01/1999,36,"215 NORTH AVE, SUITE 200 MOUNT CLEMENS, MI 48043 (42.606891, -82.88009)"
342012,KINDRED HOSPITAL GREENSBORO,2401 SOUTHSIDE BLVD,,GREENSBORO,NC,27406,Guilford,(336) 271-2800,4,For profit,02/01/1994,101,"2401 SOUTHSIDE BLVD GREENSBORO, NC 27406 (36.048661, -79.770941)"
062009,KINDRED HOSPITAL-DENVER,1920 HIGH STREET,,DENVER,CO,80218,Denver,(303) 320-5871,8,For profit,02/01/1991,68,"1920 HIGH STREET DENVER, CO 80218 (39.746257, -104.964703)"
052032,KINDRED HOSPITAL - LOS ANGELES,5525  W SLAUSON AVENUE,,LOS ANGELES,CA,90056,Los Angeles,(310) 642-0325,9,For profit,01/29/1992,81,"5525  W SLAUSON AVENUE LOS ANGELES, CA 90056 (33.988979, -118.378495)"
372018,PAM SPECIALTY HOSPITAL OF TULSA,3219 SOUTH 79TH EAST AVENUE,,TULSA,OK,74145,Tulsa,(918) 663-8183,6,For profit,10/01/2004,60,"3219 SOUTH 79TH EAST AVENUE TULSA, OK 74145 (36.115782, -95.890889)"
392025,PAM SPECIALTY HOSPITAL OF WILKES-BARRE,"575 NORTH RIVER STREET, 7TH FLOOR",,WILKES-BARRE,PA,18764,Luzerne,(570) 208-3310,3,For profit,01/01/1994,36,"575 NORTH RIVER STREET, 7TH FLOOR WILKES-BARRE, PA 18764 (41.258261, -75.868165)"
052049,KINDRED HOSPITAL RANCHO,10841 WHITE OAK AVENUE,,RANCHO CUCAMONGA,CA,91730,San Bernardino,(909) 581-6400,9,For profit,10/01/2006,55,"10841 WHITE OAK AVENUE RANCHO CUCAMONGA, CA 91730 (34.104709, -117.56643)"
052033,VIBRA HOSPITAL OF SACRAMENTO,330 MONTROSE DRIVE,,FOLSOM,CA,95630,Sacramento,(916) 351-9151,9,For profit,03/04/1992,58,"330 MONTROSE DRIVE FOLSOM, CA 95630 (38.681978, -121.158437)"
372023,MUSCOGEE (CREEK) NATION LONG TERM ACUTE CARE HOSPI,900 EAST AIRPORT ROAD,,OKMULGEE,OK,74447,Okmulgee,(918) 756-9211,6,Tribal,10/25/2012,4,
082000,SELECT SPECIALTY HOSPITAL WILMINGTON,7TH & CLAYTON STREETS  5TH FLOOR,,WILMINGTON,DE,19805,New Castle,(302) 421-4591,3,For profit,08/01/1999,35,
032006,"PROMISE HOSPITAL OF PHOENIX, INC.",433 EAST 6TH STREET,,MESA,AZ,85203,Maricopa,(480) 427-3001,9,For profit,06/01/2005,48,"433 EAST 6TH STREET MESA, AZ 85203 (33.425979, -111.821545)"
322003,"ALBUQUERQUE - AMG SPECIALTY HOSPITAL, LLC",5400 GIBSON BLVD SE 3RD FLOOR,,ALBUQUERQUE,NM,87108,Bernalillo,(505) 842-5550,6,Government,06/01/1995,25,"5400 GIBSON BLVD SE 3RD FLOOR ALBUQUERQUE, NM 87108 (35.058248, -106.581048)"
452107,CORNERSTONE HOSPITAL CONROE,1500 GRAND LAKE DRIVE,,CONROE,TX,77304,Montgomery,(682) 831-9670,6,For profit,11/13/2007,41,"1500 GRAND LAKE DRIVE CONROE, TX 77304 (30.281549, -95.465118)"
172004,PROMISE HOSPITAL OF OVERLAND PARK,6509 WEST 103RD STREET,,OVERLAND PARK,KS,66212,Johnson,(913) 649-3701,7,Government,06/01/1995,56,"6509 WEST 103RD STREET OVERLAND PARK, KS 66212 (38.942074, -94.662821)"
192009,CURAHEALTH NEW ORLEANS,3601 COLISEUM STREET,,NEW ORLEANS,LA,70115,Orleans,(504) 899-1555,6,For profit,06/01/1993,135,"3601 COLISEUM STREET NEW ORLEANS, LA 70115 (29.924704, -90.093159)"
452102,COVENANT SPECIALTY HOSPITAL,3815 20TH STREET,,LUBBOCK,TX,79410,Lubbock,(806) 725-9200,6,For profit,10/01/2007,56,"3815 20TH STREET LUBBOCK, TX 79410 (33.576892, -101.896886)"
502001,REGIONAL HOSPITAL FOR RESPIRATORY AND COMPLEX CARE,16251 SYLVESTER SW ROAD,,BURIEN,WA,98166,King,(206) 248-4548,10,Non-profit,07/01/1994,40,"16251 SYLVESTER SW ROAD BURIEN, WA 98166 (47.456778, -122.341455)"
322002,KINDRED HOSPITAL  ALBUQUERQUE,700 HIGH STREET NE,,ALBUQUERQUE,NM,87102,Bernalillo,(505) 242-4444,6,For profit,07/01/1994,61,"700 HIGH STREET NE ALBUQUERQUE, NM 87102 (35.088525, -106.638202)"
222002,CURAHEALTH STOUGHTON,909 SUMNER STREET 1ST FLOOR,,STOUGHTON,MA,02072,Norfolk,(781) 297-8200,1,For profit,07/01/1966,198,"909 SUMNER STREET 1ST FLOOR STOUGHTON, MA 02072 (42.100515, -71.080763)"
252005,"SELECT SPECIALTY HOSPITAL-GULF COAST, INC",1520 BROAD AVENUE SUITE 300,,GULFPORT,MS,39501,Harrison,(228) 575-7500,4,For profit,01/01/1999,70,"1520 BROAD AVENUE SUITE 300 GULFPORT, MS 39501 (30.369191, -89.118963)"
042011,ADVANCED CARE HOSPITAL WHITE COUNTY,1200 SOUTH MAIN STREET,,SEARCY,AR,72143,White,(501) 278-3155,6,Non-profit,04/01/2008,27,"1200 SOUTH MAIN STREET SEARCY, AR 72143 (35.233846, -91.732422)"
062014,VIBRA HOSPITAL OF DENVER,8451 PEARL ST,,THORNTON,CO,80229,Adams,(303) 288-3000,8,For profit,01/01/1999,54,"8451 PEARL ST THORNTON, CO 80229 (39.849815, -104.979305)"
142006,THC CHICAGO INC DBA KINDRED HOSP,225 EDWARD STREET,,SYCAMORE,IL,60178,DeKalb,(815) 895-2144,5,For profit,01/01/1988,69,"225 EDWARD STREET SYCAMORE, IL 60178 (41.982633, -88.688613)"
452060,VIBRA HOSPITAL OF AMARILLO,7500 WALLACE BLVD,,AMARILLO,TX,79120,Potter,(806) 351-1600,6,For profit,08/01/1998,72,"7500 WALLACE BLVD AMARILLO, TX 79120 (35.194672, -101.926233)"
442010,BAPTIST MEMORIAL RESTORATIVE CARE HOSPITAL,6019 WALNUT GROVE ROAD 1 WEST,,MEMPHIS,TN,38120,Shelby,(901) 226-4200,4,Non-profit,07/01/1995,30,"6019 WALNUT GROVE ROAD 1 WEST MEMPHIS, TN 38120 (35.130758, -89.861022)"
222007,HEBREW REHABILITATION CENTER,1200 CENTRE STREET,,BOSTON,MA,02131,Suffolk,(617) 325-8000,1,Non-profit,07/01/1966,675,"1200 CENTRE STREET BOSTON, MA 02131 (42.297858, -71.130359)"
362019,"SELECT SPECIALTY HOSPITAL-CINCINNATI, INC","375 DIXMYTH AVE, 15TH FLOOR",,CINCINNATI,OH,45220,Hamilton,(513) 862-4444,5,Non-profit,08/01/1998,36,"375 DIXMYTH AVE, 15TH FLOOR CINCINNATI, OH 45220 (39.140612, -84.52227)"
392024,LIFECARE HOSPITALS OF PITTSBURGH,225 PENN AVENUE,,PITTSBURGH,PA,15221,Allegheny,(412) 247-2356,3,For profit,07/01/1993,32,"225 PENN AVENUE PITTSBURGH, PA 15221 (40.446253, -79.892489)"
102009,KINDRED HOSPITAL-BAY AREA-TAMPA,4555 S MANHATTAN AVE,,TAMPA,FL,33611,Hillsborough,(813) 839-6341,4,For profit,11/01/1988,155,"4555 S MANHATTAN AVE TAMPA, FL 33611 (27.897884, -82.518464)"
452056,PAM  SPECIALTY HOSPITAL OF VICTORIA SOUTH,506 EAST SAN ANTONIO STREET  3RD FLOOR,,VICTORIA,TX,77901,Victoria,(361) 575-1445,6,For profit,10/10/1997,23,"506 EAST SAN ANTONIO STREET  3RD FLOOR VICTORIA, TX 77901 (28.807549, -97.00021)"
112000,ROOSEVELT WARM SPRINGS LTAC HOSPITAL,"6135 ROOSEVELT HIGHWAY, P O BOX 280",,WARM SPRINGS,GA,31830,Meriwether,(706) 655-5515,4,Government,07/01/1974,32,"6135 ROOSEVELT HIGHWAY, P O BOX 280 WARM SPRINGS, GA 31830 (32.891224, -84.685752)"
422005,VIBRA HOSPITAL OF CHARLESTON,1200 HOSPITAL DRIVE,,MOUNT PLEASANT,SC,29464,Charleston,(843) 881-4047,4,For profit,07/01/1999,59,"1200 HOSPITAL DRIVE MOUNT PLEASANT, SC 29464 (32.814162, -79.857087)"
052037,KINDRED HOSPITAL ONTARIO,550 NORTH MONTEREY,,ONTARIO,CA,91764,San Bernardino,(909) 391-0333,9,For profit,02/01/1995,91,"550 NORTH MONTEREY ONTARIO, CA 91764 (34.068833, -117.643752)"
262010,KINDRED HOSPITAL - ST LOUIS,4930 LINDELL BOULEVARD,,SAINT LOUIS,MO,63108,St. Louis City,(314) 361-8700,7,For profit,08/30/1991,60,"4930 LINDELL BOULEVARD SAINT LOUIS, MO 63108 (38.643472, -90.262728)"
222025,PAPPAS REHABILITATION HOSPITAL FOR CHILDREN,3 RANDOLPH STREET,,CANTON,MA,02021,Norfolk,(617) 828-2440,1,Government,12/18/1974,239,"3 RANDOLPH STREET CANTON, MA 02021 (42.177607, -71.125064)"
262016,"LANDMARK HOSPITAL OF JOPLIN, LLC",2040 W 32ND STREET,,JOPLIN,MO,64804,Jasper,(417) 627-1309,7,For profit,12/01/2007,30,"2040 W 32ND STREET JOPLIN, MO 64804 (37.055404, -94.539278)"
392036,SELECT SPECIALTY HOSPITAL LAUREL HIGHLANDS INC,ONE MELLON WAY,,LATROBE,PA,15650,Westmoreland,(724) 830-8649,3,For profit,04/01/2001,40,
512002,SELECT SPECIALTY HOSPITAL,333 LAIDLEY STREET,,CHARLESTON,WV,25301,Kanawha,(304) 388-6671,3,Non-profit,09/01/2002,32,"333 LAIDLEY STREET CHARLESTON, WV 25301 (38.353364, -81.63258)"
362015,GRACE HOSPITAL,20000 HARVARD ROAD,,WARRENSVILLE HEIGHTS,OH,44122,Cuyahoga,(216) 491-7295,5,Non-profit,07/01/1995,104,"20000 HARVARD ROAD WARRENSVILLE HEIGHTS, OH 44122 (41.449865, -81.537829)"
362032,AULTMAN SPECIALTY HOSPITAL,2000 SIXTH STREET,,CANTON,OH,44710,Stark,(330) 363-4000,5,Non-profit,10/01/2004,30,"2000 SIXTH STREET CANTON, OH 44710 (40.79831, -81.35072)"
152027,VIBRA HOSPITAL OF FORT WAYNE,2200 RANDALLIA DRIVE 5TH FLOOR,,FORT WAYNE,IN,46805,Allen,(260) 399-2900,5,For profit,09/01/2008,48,"2200 RANDALLIA DRIVE 5TH FLOOR FORT WAYNE, IN 46805 (41.096106, -85.111542)"
332008,HENRY J CARTER SPECIALTY HOSPITAL,1752 PARK AVENUE,,NEW YORK,NY,10035,New York,(212) 318-8000,2,Government,07/01/1970,411,"1752 PARK AVENUE NEW YORK, NY 10035 (40.80287, -73.940812)"
192004,PROMISE HOSPITAL BATON ROUGE,5130 MANCUSO LANE,,BATON ROUGE,LA,70809,East Baton Rouge,(225) 490-9600,6,For profit,09/18/1988,54,"5130 MANCUSO LANE BATON ROUGE, LA 70809 (30.397245, -91.101859)"
452096,LAREDO SPECIALTY HOSPITAL LP,2005 BUSTAMANTE STREET,,LAREDO,TX,78041,Webb,(956) 753-5353,6,For profit,02/01/2007,40,"2005 BUSTAMANTE STREET LAREDO, TX 78041 (27.534169, -99.473036)"
522005,LAKEVIEW SPECIALTY HOSPITAL & REHAB CENTER,1701 SHARP ROAD,,WATERFORD,WI,53185,Racine,(262) 534-7297,5,For profit,10/01/1998,39,"1701 SHARP ROAD WATERFORD, WI 53185 (42.738682, -88.169906)"
222003,TEWKSBURY HOSPITAL,365 EAST STREET,,TEWKSBURY,MA,01876,Middlesex,(978) 851-7321,1,Government,07/01/1966,760,"365 EAST STREET TEWKSBURY, MA 01876 (42.612036, -71.219553)"
452023,KINDRED HOSPITAL HOUSTON MEDICAL CENTER,6441 MAIN ST,,HOUSTON,TX,77030,Harris,(713) 790-0500,6,For profit,02/01/1992,110,"6441 MAIN ST HOUSTON, TX 77030 (29.712799, -95.399774)"
102013,KINDRED HOSPITAL-CENTRAL TAMPA,4801 N HOWARD AVE,,TAMPA,FL,33603,Hillsborough,(813) 874-7575,4,For profit,03/17/1993,102,"4801 N HOWARD AVE TAMPA, FL 33603 (27.989684, -82.482572)"
312022,ACUITY SPECIALTY HOSPITAL OF SOUTHERN NEW JERSEY,218 SUNSET ROAD,,WILLINGBORO,NJ,08046,Burlington,(609) 432-3034,2,For profit,09/01/2006,69,"218 SUNSET ROAD WILLINGBORO, NJ 08046 (40.048632, -74.881982)"
422007,REGENCY HOSPITAL OF FLORENCE,"121 EAST CEDAR ST, 4TH FL",,FLORENCE,SC,29501,Florence,(843) 661-3481,4,For profit,02/01/2002,40,"121 EAST CEDAR ST, 4TH FL FLORENCE, SC 29501 (34.18848, -79.764114)"
192028,PROMISE HOSPITAL OF MISS LOU,209 FRONT STREET,,VIDALIA,LA,71373,Concordia,(318) 336-6500,6,For profit,01/01/2001,40,"209 FRONT STREET VIDALIA, LA 71373 (31.56568, -91.41918)"
122001,LEAHI HOSPITAL,3675 KILAUEA AVENUE,,HONOLULU,HI,96816,Honolulu,(808) 733-8000,9,Government,01/01/1969,9,"3675 KILAUEA AVENUE HONOLULU, HI 96816 (21.273675, -157.801208)"
192029,LAFAYETTE - A M G SPECIALTY HOSPITAL,"4811 AMBASSADOR CAFFERY PKWY, 4TH FLOOR",,LAFAYETTE,LA,70506,Lafayette,(337) 456-8201,6,For profit,01/01/2001,46,
182003,SELECT SPECIALTY HOSPITAL LEXINGTON,310 SOUTH LIMESTONE STREET 3RD FLOOR,,LEXINGTON,KY,40509,Fayette,(859) 226-7178,4,For profit,06/01/2003,41,"310 SOUTH LIMESTONE STREET 3RD FLOOR LEXINGTON, KY 40509 (38.043153, -84.501591)"
362020,KINDRED HOSPITAL LIMA,730 W MARKET ST,,LIMA,OH,45801,Allen,(419) 224-1888,5,For profit,02/01/1999,12,"730 W MARKET ST LIMA, OH 45801 (40.739997, -84.117421)"
012008,SELECT SPECIALTY HOSPITAL - BIRMINGHAM,"2010 BROOKWOOD MEDICAL CENTER DRIVE, 3RD FLOOR",,BIRMINGHAM,AL,35209,Jefferson,(205) 599-4595,4,For profit,09/01/2001,38,"2010 BROOKWOOD MEDICAL CENTER DRIVE, 3RD FLOOR BIRMINGHAM, AL 35209 (33.463089, -86.776485)"
452028,KINDRED HOSPITAL-TARRANT COUNTY,1000 N COOPER ST,,ARLINGTON,TX,76011,Tarrant,(817) 543-0200,6,For profit,07/01/1993,80,"1000 N COOPER ST ARLINGTON, TX 76011 (32.750382, -97.113822)"
452018,TEXAS HEALTH SPECIALTY HOSPITAL FORT WORTH,1300 PENNSYLVANIA 4TH FLOOR MAIN BLDG,,FORT WORTH,TX,76104,Tarrant,(817) 878-5500,6,Non-profit,04/03/1990,15,
102030,SELECT SPECIALTY HOSPITAL DAYTONA BEACH,301 MEMORIAL MEDICAL PARKWAY,,DAYTONA BEACH,FL,32117,Volusia,(386) 231-3907,4,For profit,12/01/2015,34,"301 MEMORIAL MEDICAL PARKWAY DAYTONA BEACH, FL 32117 (29.24275, -81.1093)"
312017,SPECIALTY HOSPITAL OF CENTRAL JERSEY,"600 RIVER AVENUE,   4 WEST",,LAKEWOOD,NJ,08701,Ocean,(732) 806-3207,2,For profit,11/01/2004,50,"600 RIVER AVENUE,   4 WEST LAKEWOOD, NJ 08701 (40.074178, -74.21735)"
392043,CURAHEALTH HERITAGE VALLEY,1000 DUTCH RIDGE ROAD,,BEAVER,PA,15009,Beaver,(724) 773-8480,3,For profit,07/01/2003,35,"1000 DUTCH RIDGE ROAD BEAVER, PA 15009 (40.710345, -80.324352)"
392050,GOOD SHEPHERD PENN PARTNERS,1800 LOMBARD STREET,,PHILADELPHIA,PA,19146,Philadelphia,(215) 893-2548,3,Non-profit,04/01/2009,38,"1800 LOMBARD STREET PHILADELPHIA, PA 19146 (39.945481, -75.171824)"
262019,MOSIAC LIFE CARE AT ST JOSEPH,5325 FARAON STREET,,SAINT JOSEPH,MO,64506,Buchanan,(816) 271-6480,7,Non-profit,10/02/2009,41,"5325 FARAON STREET SAINT JOSEPH, MO 64506 (39.770201, -94.770247)"
012012,"NOLAND HOSPITAL TUSCALOOSA II, LLC","809 UNIVERSITY BOULEVARD EAST, 4TH FLOOR",,TUSCALOOSA,AL,35401,Tuscaloosa,(205) 759-7241,4,Non-profit,04/01/2005,32,"809 UNIVERSITY BOULEVARD EAST, 4TH FLOOR TUSCALOOSA, AL 35401 (33.20613, -87.525154)"
362039,LIFE LINE HOSPITAL,200 SCHOOL STREET,,WINTERSVILLE,OH,43953,Jefferson,(740) 346-2600,5,Non-profit,08/01/2010,36,"200 SCHOOL STREET WINTERSVILLE, OH 43953 (40.373014, -80.700877)"
102015,KINDRED HOSPITAL-NORTH FLORIDA,801 OAK ST,,GREEN COVE SPRINGS,FL,32043,Clay,(904) 284-9230,4,For profit,12/01/1994,80,"801 OAK ST GREEN COVE SPRINGS, FL 32043 (29.988439, -81.681906)"
182005,COMMONWEALTH  REGIONAL SPECIALTY HOSPITAL,250 PARK DRIVE 5TH FLOOR,,BOWLING GREEN,KY,42101,Warren,(270) 796-6200,4,Non-profit,02/01/2005,28,
452071,KINDRED HOSPITAL-WHITE ROCK,9440 POPPY DRIVE 5TH FLOOR,,DALLAS,TX,75218,Dallas,(214) 324-6730,6,For profit,07/29/2000,25,"9440 POPPY DRIVE 5TH FLOOR DALLAS, TX 75218 (32.835521, -96.705001)"
112011,"SELECT SPECIALTY HOSPITAL - SAVANNAH, INC",5353 REYNOLDS STREET 4 SOUTH,,SAVANNAH,GA,31405,Chatham,(912) 819-7986,4,Non-profit,05/01/2003,40,"5353 REYNOLDS STREET 4 SOUTH SAVANNAH, GA 31405 (32.027361, -81.101731)"
252008,"PROMISE HOSPITAL OF VICKSBURG, INC",2100 HIGHWAY 61 NORTH 6TH FLOOR,,VICKSBURG,MS,39183,Warren,(601) 883-3439,4,For profit,12/05/2003,35,"2100 HIGHWAY 61 NORTH 6TH FLOOR VICKSBURG, MS 39183 (32.374802, -90.827497)"
312014,"MATHENY SCHOOL & HOSPITAL, THE",65 HIGHLAND AVENUE,,PEAPACK,NJ,07977,Somerset,(908) 234-0011,2,Non-profit,07/09/1976,102,"65 HIGHLAND AVENUE PEAPACK, NJ 07977 (40.7274, -74.396997)"
492008,SELECT SPECIALTY HOSPITAL HAMPTON ROADS,245 CHESAPEAKE AVENUE,,NEWPORT NEWS,VA,23607,Newport News City,(757) 534-5000,3,Non-profit,05/01/2006,25,"245 CHESAPEAKE AVENUE NEWPORT NEWS, VA 23607 (36.984799, -76.393504)"
152014,SELECT SPECIALTY HOSPITAL-EVANSVILLE,400  SE 4TH ST,,EVANSVILLE,IN,47713,Vanderburgh,(812) 421-2330,5,For profit,01/01/1997,60,"400  SE 4TH ST EVANSVILLE, IN 47713 (37.967685, -87.567968)"
452088,KINDRED HOSPITAL FORT WORTH,815 EIGHTH AVENUE,,FORT WORTH,TX,76104,Tarrant,(817) 332-4812,6,For profit,12/01/2003,67,"815 EIGHTH AVENUE FORT WORTH, TX 76104 (32.736118, -97.343696)"
452074,KINDRED HOSPITAL TOMBALL,505 GRAHAM DRIVE,,TOMBALL,TX,77375,Harris,(281) 765-2622,6,For profit,03/22/2000,288,"505 GRAHAM DRIVE TOMBALL, TX 77375 (30.088801, -95.620562)"
392047,SELECT SPECIALTY HOSPITAL - DANVILLE,100 NORTH ACADEMY AVENUE 3RD FLR BUSH & GEISINGER,,DANVILLE,PA,17822,Montour,(570) 214-9648,3,For profit,02/01/2005,30,"100 NORTH ACADEMY AVENUE 3RD FLR BUSH & GEISINGER DANVILLE, PA 17822 (40.969585, -76.60622)"
452105,BAYLOR SCOTT & WHITE CONTINUING CARE HOSPITAL,546 N KEGLEY ROAD,,TEMPLE,TX,76502,Bell,(254) 215-0900,6,Non-profit,01/01/2008,50,"546 N KEGLEY ROAD TEMPLE, TX 76502 (31.118293, -97.397645)"
052036,KINDRED HOSPITAL - SAN DIEGO,1940 EL CAJON BLVD,,SAN DIEGO,CA,92104,San Diego,(619) 543-4500,9,For profit,06/01/1993,70,"1940 EL CAJON BLVD SAN DIEGO, CA 92104 (32.755353, -117.144531)"
052050,KINDRED HOSPITAL SOUTH BAY,1246 WEST 155TH STREET,,GARDENA,CA,90247,Los Angeles,(310) 323-5330,9,For profit,10/01/2006,58,"1246 WEST 155TH STREET GARDENA, CA 90247 (33.890495, -118.297649)"
222046,VIBRA HOSPITAL OF WESTERN MASSACHUSETTS,1400 STATE STREET,,SPRINGFIELD,MA,01109,Hampden,(413) 787-6700,1,For profit,04/13/2001,174,"1400 STATE STREET SPRINGFIELD, MA 01109 (42.120058, -72.545893)"
452031,PAM SPECIALTY HOSPITAL OF LUFKIN,1201 FRANK ST SUITE D5,,LUFKIN,TX,75904,Angelina,(936) 639-7975,6,Non-profit,01/01/1994,26,
102024,SELECT SPECIALTY HOSPITAL PENSACOLA,7000 COBBLE CREEK DR,,PENSACOLA,FL,32504,Escambia,(850) 479-5938,4,For profit,10/01/2008,54,
262020,"LANDMARK HOSPITAL OF COLUMBIA, LLC",604 OLD HIGHWAY 63 NORTH,,COLUMBIA,MO,65201,Boone,(573) 499-6600,7,For profit,04/01/2010,42,
392046,KINDRED HOSPITAL SOUTH PHILADELPHIA,1930 SOUTH BROAD STREET UNIT #12,,PHILADELPHIA,PA,19145,Philadelphia,(267) 570-5200,3,For profit,01/01/2005,58,"1930 SOUTH BROAD STREET UNIT #12 PHILADELPHIA, PA 19145 (39.926163, -75.169315)"
042012,BAPTIST HEALTH EXTENDED CARE HOSPITAL-LR INC,"9601 BAPTIST HEALTH DRIVE, 1OTH FLOOR",,LITTLE ROCK,AR,72205,Pulaski,(501) 202-1070,6,Non-profit,10/01/2008,55,"9601 BAPTIST HEALTH DRIVE, 1OTH FLOOR LITTLE ROCK, AR 72205 (34.745783, -92.382292)"
192036,P A M SPECIALTY HOSPITAL OF HAMMOND,42074 VETERANS AVENUE,,HAMMOND,LA,70403,Tangipahoa,(985) 902-8148,6,For profit,09/01/2002,40,"42074 VETERANS AVENUE HAMMOND, LA 70403 (30.468824, -90.457315)"
222048,WHITTIER REHABILITATION HOSPITAL,150 FLANDERS ROAD,,WESTBOROUGH,MA,01581,Worcester,(508) 871-2063,1,For profit,10/01/2005,88,"150 FLANDERS ROAD WESTBOROUGH, MA 01581 (42.276017, -71.566229)"
052044,VIBRA HOSPITAL OF SAN DIEGO,555 WASHINGTON STREET,,SAN DIEGO,CA,92103,San Diego,(619) 260-8300,9,For profit,04/01/2002,110,"555 WASHINGTON STREET SAN DIEGO, CA 92103 (32.749919, -117.159836)"
132002,VIBRA HOSPITAL OF BOISE,6651 W FRANKLIN ROAD,,BOISE,ID,83709,Ada,(208) 489-9500,10,Non-profit,02/01/2009,60,"6651 W FRANKLIN ROAD BOISE, ID 83709 (43.604117, -116.26607)"
362025,COMMUNITY SPECIALTY HOSPITAL,"254 CLEVELAND AVENUE, 2ND FLOOR",,AMHERST,OH,44001,Lorain,(440) 988-6141,5,Non-profit,10/01/2000,30,"254 CLEVELAND AVENUE, 2ND FLOOR AMHERST, OH 44001 (41.399755, -82.22411)"
362036,REGENCY HOSPITAL OF TOLEDO,5220 WEST ALEXIS ROAD,,SYLVANIA,OH,43560,Lucas,(419) 318-5700,5,For profit,01/01/2008,45,"5220 WEST ALEXIS ROAD SYLVANIA, OH 43560 (41.7176, -83.667857)"
332022,TERENCE CARDINAL COOKE HEALTH CARE CENTER,1249 FIFTH AVENUE,,NEW YORK,NY,10029,New York,(212) 360-3600,2,Non-profit,06/05/1980,50,"1249 FIFTH AVENUE NEW YORK, NY 10029 (40.794298, -73.951083)"
452097,VIBRA SPECIALTY HOSPITAL,2700 WALKER WAY,,DE SOTO,TX,75115,Dallas,(214) 638-1500,6,For profit,08/01/2007,60,"2700 WALKER WAY DE SOTO, TX 75115 (32.64638, -96.884012)"
102021,BAYCARE ALLIANT HOSPITAL,601 MAIN ST,,DUNEDIN,FL,34698,Pinellas,(727) 734-6302,4,Non-profit,03/06/2008,48,"601 MAIN ST DUNEDIN, FL 34698 (28.014032, -82.783822)"
142011,PRESENCE HOLY FAMILY MEDICAL CENTER,100 NORTH RIVER ROAD,,DES PLAINES,IL,60016,Cook,(847) 813-3176,5,Non-profit,03/01/2006,238,"100 NORTH RIVER ROAD DES PLAINES, IL 60016 (42.0545, -87.888134)"
452040,SAN ANTONIO-AMG SPECIALTY HOSPITAL,718 LEXINGTON AVENUE,,SAN ANTONIO,TX,78212,Bexar,(210) 572-4600,6,For profit,08/01/1994,30,"718 LEXINGTON AVENUE SAN ANTONIO, TX 78212 (29.437258, -98.493172)"
422008,GHS NORTH GREENVILLE LTACH,807 NORTH MAIN STREET,,TRAVELERS REST,SC,29690,Greenville,(864) 834-5132,4,Non-profit,03/01/2004,45,"807 NORTH MAIN STREET TRAVELERS REST, SC 29690 (34.976317, -82.454017)"
452068,PROMISE HOSPITAL OF WICHITA FALLS,1103 GRACE STREET,,WICHITA FALLS,TX,76301,Wichita,(940) 763-7901,6,For profit,04/29/1998,31,"1103 GRACE STREET WICHITA FALLS, TX 76301 (33.902375, -98.499854)"
342019,CAROLINAS CONTINUECARE AT KINGS MOUNTAIN,706 WEST KING STREET 2ND FLOOR,,KINGS MOUNTAIN,NC,28086,Gaston,(980) 487-5520,4,Non-profit,01/01/2010,41,"706 WEST KING STREET 2ND FLOOR KINGS MOUNTAIN, NC 28086 (35.240871, -81.356017)"
452062,WARM SPRING SPECIALITY HOSPTIAL AT LULING,200 MEMORIAL DRIVE,,LULING,TX,78648,Caldwell,(512) 672-6592,6,For profit,09/01/1998,34,"200 MEMORIAL DRIVE LULING, TX 78648 (29.674336, -97.654284)"
192052,"SPECIALTY HOSPITAL OF WINNFIELD, INC",915 1ST STREET,,WINNFIELD,LA,71483,Winn,(318) 648-3523,6,For profit,04/01/2005,20,"915 1ST STREET WINNFIELD, LA 71483 (31.932041, -92.630461)"
022001,ST ELIAS SPECIALTY HOSPITAL,4800 CORDOVA STREET,,ANCHORAGE,AK,99503,Anchorage,(907) 561-3333,10,Non-profit,01/01/2008,59,"4800 CORDOVA STREET ANCHORAGE, AK 99503 (61.176418, -149.878952)"
232039,PIONEER SPECIALTY HOSPITAL,50 NORTH PERRY,,PONTIAC,MI,48342,Oakland,(248) 593-1990,5,For profit,10/20/2014,30,"50 NORTH PERRY PONTIAC, MI 48342 (42.638394, -83.291095)"
092002,BRIDGEPOINT HOSPITAL CAPITOL HILL,700 CONSTITUTION AVENUE NE,,WASHINGTON,DC,20002,District Of Columbia,(202) 675-0400,3,For profit,02/01/1996,60,"700 CONSTITUTION AVENUE NE WASHINGTON, DC 20002 (38.892004, -76.995627)"
492007,HOSPITAL FOR EXTENDED RECOVERY,600 GRESHAM DRIVE SUITE 700,,NORFOLK,VA,23507,Norfolk City,(757) 388-1700,3,Non-profit,06/01/2002,35,"600 GRESHAM DRIVE SUITE 700 NORFOLK, VA 23507 (36.859728, -76.30482)"
232035,SELECT SPECIALTY HOSPITAL- BATTLE CREEK,300 NORTH AVENUE 6TH FLOOR,,BATTLE CREEK,MI,49016,Calhoun,(269) 245-4675,5,Non-profit,06/01/2003,25,
192043,RIVERSIDE HOSPITAL OF LOUISIANA INC,13 HEYMAN LANE,,ALEXANDRIA,LA,71306,Rapides,(318) 767-2900,6,For profit,08/01/2003,28,"13 HEYMAN LANE ALEXANDRIA, LA 71306 (31.300858, -92.488515)"
162001,SELECT SPECIALTY HOSPITAL - QUAD CITIES,1111 WEST KIMBERLY ROAD,,DAVENPORT,IA,52806,Scott,(563) 468-2000,7,For profit,02/01/2007,50,"1111 WEST KIMBERLY ROAD DAVENPORT, IA 52806 (41.56004, -90.58808)"
452032,CORNERSTONE SPECIALTY HOSPITALS CLEAR LAKE,709 MEDICAL CENTER BLVD,,WEBSTER,TX,77598,Harris,(713) 551-5300,6,For profit,01/01/1994,148,"709 MEDICAL CENTER BLVD WEBSTER, TX 77598 (29.53878, -95.12957)"
372016,INTEGRIS BASS PAVILION,401 SOUTH THIRD STREET,,ENID,OK,73701,Garfield,(580) 249-4260,6,Non-profit,12/01/2001,24,"401 SOUTH THIRD STREET ENID, OK 73701 (36.392569, -97.875048)"
192007,BRIDGEPOINT CONTINUING CARE HOSPITAL,1101 MEDICAL CENTER BLVD 7TH FLOOR,,MARRERO,LA,70072,Jefferson,(504) 349-2584,6,For profit,06/01/1992,44,"1101 MEDICAL CENTER BLVD 7TH FLOOR MARRERO, LA 70072 (29.891749, -90.095886)"
362004,DRAKE CENTER INC,151 WEST GALBRAITH ROAD,,CINCINNATI,OH,45216,Hamilton,(513) 418-2500,5,Non-profit,07/01/1966,108,"151 WEST GALBRAITH ROAD CINCINNATI, OH 45216 (39.213427, -84.478798)"
452090,PAM SPECIALTY HOSPITAL OF SAN ANTONIO,5418 N LOOP 1604 W,,SAN ANTONIO,TX,78249,Bexar,(210) 921-3550,6,For profit,11/20/2003,26,"5418 N LOOP 1604 W SAN ANTONIO, TX 78249 (29.591314, -98.591794)"
102032,LANDMARK HOSPITAL OF SOUTHWEST FLORIDA,1285 CREEKSIDE BLVD E,,NAPLES,FL,34108,Collier,(239) 478-8398,4,For profit,04/01/2016,50,"1285 CREEKSIDE BLVD E NAPLES, FL 34108 (26.269377, -81.788684)"
282003,MADONNA REHABILITATION SPECIALTY HOSPITAL OMAHA,17500 BURKE STREET,,OMAHA,NE,68118,Douglas,(402) 401-3000,7,Non-profit,03/01/2015,32,"17500 BURKE STREET OMAHA, NE 68118 (41.259304, -96.188952)"
362023,VIBRA HOSPITAL OF MAHONING VALLEY,8049 SOUTH AVENUE,,BOARDMAN,OH,44512,Mahoning,(330) 726-5021,5,Non-profit,02/01/2000,45,"8049 SOUTH AVENUE BOARDMAN, OH 44512 (41.005108, -80.633988)"
142010,RML HEALTH PROVIDERS LIMITED PARTNERSHIP,5601 S COUNTY LINE RD,,HINSDALE,IL,60521,DuPage,(630) 286-4123,5,Non-profit,06/01/1997,189,"5601 S COUNTY LINE RD HINSDALE, IL 60521 (41.787044, -87.916893)"
232033,SELECT SPECIALTY HOSPITAL-SAGINAW,"1447 NORTH HARRISON, 7TH & 8TH FLOOR",,SAGINAW,MI,48602,Saginaw,(989) 583-4667,5,For profit,03/01/2003,32,
032005,SELECT SPECIALTY HOSPITAL ARIZONA,"1012 EAST WILETTA, 4TH FLOOR",,PHOENIX,AZ,85006,Maricopa,(717) 972-1100,9,For profit,06/01/2000,62,
192015,OCHSNER EXTENDED CARE HOSPITAL,"2614 JEFFERSON HWY, 2ND FLOOR",,JEFFERSON,LA,70121,Jefferson,(504) 464-8590,6,For profit,08/01/1995,32,"2614 JEFFERSON HWY, 2ND FLOOR JEFFERSON, LA 70121 (29.962867, -90.153534)"
052055,CENTRAL VALLEY SPECIALTY HOSPITAL,730 17TH STREET,,MODESTO,CA,95354,Stanislaus,(209) 248-7700,9,For profit,08/28/2013,36,"730 17TH STREET MODESTO, CA 95354 (37.64322, -120.990892)"
452100,MESQUITE SPECIALTY HOSPITAL,1024  N GALLOWAY AVENUE,,MESQUITE,TX,75149,Dallas,(972) 216-2300,6,Non-profit,06/01/2007,40,"1024  N GALLOWAY AVENUE MESQUITE, TX 75149 (32.77771, -96.599605)"
192011,LIFECARE HOSPITALS OF SHREVEPORT,8001 YOUREE DRIVE,,SHREVEPORT,LA,71115,Caddo,(318) 688-8504,6,For profit,01/01/1994,54,"8001 YOUREE DRIVE SHREVEPORT, LA 71115 (32.431789, -93.711716)"
102028,PROMISE HOSPITAL OF FLORIDA AT THE VILLAGES,5050 COUNTY ROAD 472,,OXFORD,FL,34484,Sumter,(352) 689-6402,4,For profit,07/01/2012,40,"5050 COUNTY ROAD 472 OXFORD, FL 34484 (28.909068, -82.018926)"
192012,CHRISTUS DUBUIS HOSPITAL OF ALEXANDRIA,3330 MASONIC DR,,ALEXANDRIA,LA,71301,Rapides,(318) 448-4960,6,For profit,07/01/1994,25,"3330 MASONIC DR ALEXANDRIA, LA 71301 (31.282401, -92.460848)"
452092,PAM SPECIALTY HOSPITAL OF  CORPUS CHRISTI SOUTH,6226 SARATOGA BOULEVARD,,CORPUS CHRISTI,TX,78414,Nueces,(361) 986-1600,6,For profit,05/01/2005,74,"6226 SARATOGA BOULEVARD CORPUS CHRISTI, TX 78414 (27.678965, -97.370489)"
312024,COLUMBUS HOSPITAL LTACH,495 NORTH 13TH STREET,,NEWARK,NJ,07107,Essex,(973) 587-7712,2,Non-profit,09/14/2010,63,"495 NORTH 13TH STREET NEWARK, NJ 07107 (40.772951, -74.187013)"
152024,REGENCY HOSPITAL OF NORTHWEST INDIANA,4321 FIR ST 4TH FL,,EAST CHICAGO,IN,46312,Lake,(219) 392-7799,5,For profit,02/01/2004,61,"4321 FIR ST 4TH FL EAST CHICAGO, IN 46312 (41.634064, -87.448542)"
362033,KINDRED HOSPITALS-DAYTON,707 EAST EDWIN C MOSES BLVD,,DAYTON,OH,45417,Montgomery,(937) 331-9265,5,Non-profit,03/01/2005,67,"707 EAST EDWIN C MOSES BLVD DAYTON, OH 45417 (39.746961, -84.197104)"
012007,"NOLAND HOSPITAL MONTGOMERY II, LLC",1725 PINE STREET 5TH FLOOR NORTH WING,,MONTGOMERY,AL,36106,Montgomery,(334) 240-0532,4,Government,02/25/1999,60,
452035,MESA HILLS SPECIALTY HOSPITAL,2311 N OREGON STREET,,EL PASO,TX,79902,El Paso,(915) 548-1823,6,For profit,06/01/1994,32,"2311 N OREGON STREET EL PASO, TX 79902 (31.773574, -106.501502)"
452118,HOUSTON METHODIST CONTINUING CARE HOSPITAL,701 S FRY ROAD,,KATY,TX,77450,Harris,(281) 599-5700,6,Non-profit,08/01/2014,102,"701 S FRY ROAD KATY, TX 77450 (29.77788, -95.71887)"
292004,TAHOE PACIFIC HOSPITAL - MEADOWS,10101 DOUBLE R BLVD-1ST FLOOR,,RENO,NV,89521,Washoe,(775) 331-1044,9,For profit,09/01/1997,39,"10101 DOUBLE R BLVD-1ST FLOOR RENO, NV 89521 (39.435894, -119.758393)"
442015,SELECT SPECIALTY HOSPITAL-NORTH KNOXVILLE,7557 B DANNAHER DRIVE SUITE 145,,POWELL,TN,37849,Knox,(865) 545-7370,4,For profit,01/01/1999,68,"7557 B DANNAHER DRIVE SUITE 145 POWELL, TN 37849 (36.053251, -83.996574)"
452039,KINDRED HOSPITAL,11297 FALLBROOK,,HOUSTON,TX,77065,Harris,(281) 897-8114,6,For profit,06/01/1994,158,"11297 FALLBROOK HOUSTON, TX 77065 (29.925133, -95.587914)"
232029,SELECT SPECIALTY HOSPITAL - SPECTRUM HEALTH,"1840 WEALTHY STREET SE, 5TH FLOOR",,GRAND RAPIDS,MI,49506,Kent,(616) 774-3800,5,Non-profit,01/01/2001,146,"1840 WEALTHY STREET SE, 5TH FLOOR GRAND RAPIDS, MI 49506 (42.955073, -85.623722)"
052043,KENTFIELD HOSPITAL,1125 SIR FRANCIS DRAKE BLVD,,KENTFIELD,CA,94904,Marin,(415) 456-9680,9,For profit,07/01/1999,120,"1125 SIR FRANCIS DRAKE BLVD KENTFIELD, CA 94904 (37.959508, -122.552722)"
052045,KINDRED HOSPITAL BALDWIN PARK,14148 FRANCISQUITO AVENUE,,BALDWIN PARK,CA,91706,Los Angeles,(626) 388-2700,9,For profit,09/01/2004,95,"14148 FRANCISQUITO AVENUE BALDWIN PARK, CA 91706 (34.063697, -117.967476)"
212002,WESTERN MARYLAND CENTER,1500 PENNSYLVANIA AVENUE,,HAGERSTOWN,MD,21742,Washington,(301) 745-4140,3,Government,07/01/1966,123,"1500 PENNSYLVANIA AVENUE HAGERSTOWN, MD 21742 (39.664961, -77.718886)"
452016,KINDRED HOSPITAL SAN ANTONIO,3636 MEDICAL DRIVE,,SAN ANTONIO,TX,78229,Bexar,(210) 616-0616,6,For profit,02/08/1989,59,"3636 MEDICAL DRIVE SAN ANTONIO, TX 78229 (29.522655, -98.556811)"
062013,KINDRED HOSPITAL AURORA,700 POTOMAC ST 2ND FLOOR,,AURORA,CO,80011,Adams,(720) 857-8333,8,For profit,05/01/1998,37,"700 POTOMAC ST 2ND FLOOR AURORA, CO 80011 (39.727342, -104.828323)"
232020,MCLAREN BAY SPECIAL CARE,"3250 E MIDLAND RD, SUITE 1",,BAY CITY,MI,48706,Bay,(989) 667-6802,5,Non-profit,01/01/1995,31,"3250 E MIDLAND RD, SUITE 1 BAY CITY, MI 48706 (43.602094, -83.923819)"
452015,KINDRED HOSPITAL DALLAS,9525 GREENVILLE AVENUE,,DALLAS,TX,75218,Dallas,(214) 355-2600,6,For profit,12/17/1987,140,"9525 GREENVILLE AVENUE DALLAS, TX 75218 (32.905825, -96.748226)"
102019,KINDRED HOSPITAL OCALA,"1500 SW 1ST AVENUE, 5TH FLOOR",,OCALA,FL,34474,Marion,(352) 369-0513,4,For profit,06/01/2006,31,"1500 SW 1ST AVENUE, 5TH FLOOR OCALA, FL 34474 (29.174236, -82.137834)"
272001,ADVANCED CARE HOSPITAL OF MONTANA,3528 GABEL RD,,BILLINGS,MT,59102,Yellowstone,(406) 373-8000,8,For profit,09/01/2008,40,"3528 GABEL RD BILLINGS, MT 59102 (45.743834, -108.605169)"
452019,KINDRED HOSPITAL FORT WORTH- MANSFIELD,1802 HIGHWAY 157 NORTH,,MANSFIELD,TX,76063,Tarrant,(817) 332-4812,6,For profit,07/18/1990,55,"1802 HIGHWAY 157 NORTH MANSFIELD, TX 76063 (32.599575, -97.145637)"
042008,CHRISTUS DUBUIS HOSPITAL OF FORT SMITH,"7301 ROGERS AVENUE, # 4",,FORT SMITH,AR,72903,Sebastian,(479) 314-4900,6,For profit,05/29/2003,25,"7301 ROGERS AVENUE, # 4 FORT SMITH, AR 72903 (35.353647, -94.352964)"
222006,LEMUEL SHATTUCK HOSPITAL,170 MORTON STREET,,JAMAICA PLAIN,MA,02130,Suffolk,(617) 522-8110,1,Government,07/01/1966,260,"170 MORTON STREET JAMAICA PLAIN, MA 02130 (42.298742, -71.102154)"
492009,VIBRA HOSPITAL OF RICHMOND,2220 EDWARD HOLLAND DRIVE,,RICHMOND,VA,23230,Henrico,(804) 678-7000,3,For profit,05/01/2008,60,"2220 EDWARD HOLLAND DRIVE RICHMOND, VA 23230 (37.590951, -77.48999)"
242004,HEALTHEAST BETHESDA HOSPITAL,559 CAPITOL BOULEVARD,,SAINT PAUL,MN,55103,Ramsey,(651) 232-2122,5,Non-profit,01/20/1989,254,"559 CAPITOL BOULEVARD SAINT PAUL, MN 55103 (44.958347, -93.102473)"
262015,"LANDMARK HOSPITAL OF CAPE GIRARDEAU, LLC",3255 INDEPENDENCE,,CAPE GIRARDEAU,MO,63701,Cape Girardeau,(573) 335-1091,7,For profit,10/01/2006,30,"3255 INDEPENDENCE CAPE GIRARDEAU, MO 63701 (37.308284, -89.57584)"
042013,ARKANSAS CONTINUED CARE HOSPITAL OF JONESBORO,"3024 RED WOLF BOULEVARD, SUITE 1",,JONESBORO,AR,72401,Craighead,(870) 819-4040,6,For profit,12/20/2017,44,"3024 RED WOLF BOULEVARD, SUITE 1 JONESBORO, AR 72401 (35.811403, -90.669085)"
062012,COLORADO ACUTE LONG TERM HOSPITAL,1690 N MEADE ST,,DENVER,CO,80204,Denver,(303) 264-6900,8,For profit,04/01/1994,63,"1690 N MEADE ST DENVER, CO 80204 (39.743568, -105.035815)"
452079,KINDRED HOSPTIAL EL PASO,1740 CURIE DRIVE,,EL PASO,TX,79902,El Paso,(915) 351-9044,6,For profit,02/28/2002,72,"1740 CURIE DRIVE EL PASO, TX 79902 (31.779235, -106.477941)"
392044,SELECT SPECIALTY HOSPITAL - PITTSBURGH/UPMC,"200 LOTHROP STREET, MUH E824",,PITTSBURGH,PA,15213,Allegheny,(412) 586-9821,3,For profit,07/01/2004,32,"200 LOTHROP STREET, MUH E824 PITTSBURGH, PA 15213 (40.441824, -79.960769)"
102010,KINDRED HOSPITAL-SOUTH FLORIDA-FT LAUDERDALE,1516 E LAS OLAS BLVD,,FORT LAUDERDALE,FL,33301,Broward,(954) 764-8900,4,For profit,12/20/1988,244,"1516 E LAS OLAS BLVD FORT LAUDERDALE, FL 33301 (26.119377, -80.12767)"
182006,CONTINUECARE HOSPITAL AT BAPTIST HEALTH CORBIN,"ONE TRILLIUM WAY, LOWER LEVEL",,CORBIN,KY,40701,Knox,(606) 523-5150,4,Non-profit,03/01/2005,32,
282001,SELECT SPECIALTY HOSPITAL - OMAHA (CENTRAL CAMPUS),1870 SOUTH 75TH STREET,,OMAHA,NE,68124,Douglas,(402) 361-5830,7,For profit,07/01/2000,52,"1870 SOUTH 75TH STREET OMAHA, NE 68124 (41.241026, -96.028732)"
392039,SELECT SPECIALTY HOSPITAL - CENTRAL PA HARRISBURG,111 SOUTH FRONT STREET,,HARRISBURG,PA,17101,Dauphin,(717) 972-4560,3,For profit,01/01/2002,92,"111 SOUTH FRONT STREET HARRISBURG, PA 17101 (40.257231, -76.880614)"
052035,KINDRED HOSPITAL WESTMINSTER,200 HOSPITAL CIRCLE,,WESTMINSTER,CA,92683,Orange,(714) 893-4541,9,For profit,06/01/1993,109,"200 HOSPITAL CIRCLE WESTMINSTER, CA 92683 (33.763154, -117.994479)"
102026,ADVENTHEALTH CONNERTON,9441 HEALTH CENTER DR,,LAND O LAKES,FL,34637,Pasco,(813) 971-3700,4,For profit,11/01/2009,50,"9441 HEALTH CENTER DR LAND O LAKES, FL 34637 (28.296713, -82.489607)"
032004,CORNERSTONE SPECIALTY HOSPITALS TUCSON,7220 EAST ROSEWOOD STREET,,TUCSON,AZ,85710,Pima,(469) 621-6700,9,For profit,07/01/1998,34,"7220 EAST ROSEWOOD STREET TUCSON, AZ 85710 (32.232764, -110.838248)"
092003,BRIDGEPOINT -NATIONAL HARBOR,4601 MARTIN LUTHER KING JR AVENUE,,WASHINGTON,DC,20032,District Of Columbia,(202) 574-5770,3,For profit,01/01/2002,82,"4601 MARTIN LUTHER KING JR AVENUE WASHINGTON, DC 20032 (38.824754, -77.012409)"
452029,CONTINUE CARE HOSPITAL AT HENDRICK MEDICAL CENTER,1900 PINE ST 5TH FLOOR,,ABILENE,TX,79601,Taylor,(325) 670-5151,6,Non-profit,09/01/1993,46,"1900 PINE ST 5TH FLOOR ABILENE, TX 79601 (32.471553, -99.73118)"
192031,CORNERSTONE SPECIALTY HOSPITALS WEST MONROE,6198 CYPRESS STREET,,WEST MONROE,LA,71291,Ouachita,(318) 396-5600,6,For profit,01/01/2002,47,"6198 CYPRESS STREET WEST MONROE, LA 71291 (32.513601, -92.204147)"
072003,GAYLORD HOSPITAL INC,GAYLORD FARM RD,,WALLINGFORD,CT,06492,New Haven,(203) 284-2800,1,Non-profit,07/01/1966,137,
452087,SELECT SPECIALITY HOSPITAL OF LONGVIEW,700 EAST MARSHALL AVE FIRST FLOOR WEST WING,,LONGVIEW,TX,75601,Gregg,(903) 315-1111,6,For profit,06/05/2003,32,"700 EAST MARSHALL AVE FIRST FLOOR WEST WING LONGVIEW, TX 75601 (32.499056, -94.749896)"
312018,"CARE ONE AT RARITAN BAY MEDICAL CENTER, LLC","530 NEW BRUNSWICK AVENUE, 2ND FLOOR GREEN",,PERTH AMBOY,NJ,08861,Middlesex,(732) 324-6090,2,For profit,11/01/2004,51,"530 NEW BRUNSWICK AVENUE, 2ND FLOOR GREEN PERTH AMBOY, NJ 08861 (40.518346, -74.28075)"
292002,KINDRED HOSPITAL - LAS VEGAS (SAHARA CAMPUS),5110 W SAHARA AVE,,LAS VEGAS,NV,89146,Clark,(702) 835-2926,9,For profit,09/01/1994,146,"5110 W SAHARA AVE LAS VEGAS, NV 89146 (36.144572, -115.211165)"
452121,CONTINUECARE HOSPITAL AT MEDICAL CENTER ODESSA,"500 WEST  4TH STREET , 4TH FLOOR",,ODESSA,TX,79761,Ector,(972) 943-6488,6,Non-profit,02/01/2016,25,"500 WEST  4TH STREET , 4TH FLOOR ODESSA, TX 79761 (31.844399, -102.37491)"
112013,"SELECT SPECIALTY HOSPITAL - AUGUSTA, INC",1537 WALTON WAY,,AUGUSTA,GA,30904,Richmond,(706) 731-1200,4,For profit,04/01/2004,30,"1537 WALTON WAY AUGUSTA, GA 30904 (33.475402, -81.990149)"
232019,VIBRA OF SOUTHEASTERN MICHIGAN,26400 W OUTER DRIVE,,LINCOLN PARK,MI,48146,Wayne,(313) 594-6000,5,For profit,07/01/1991,220,
352005,VIBRA HOSPITAL OF CENTRAL DAKOTAS LLC,1000 18TH STREET NW,,MANDAN,ND,58554,Morton,(701) 667-2000,8,Non-profit,09/01/1998,41,"1000 18TH STREET NW MANDAN, ND 58554 (46.841212, -100.907091)"
232021,SELECT SPECIALTY HOSPITAL - MUSKEGON,"1700 CLINTON STREET, 2 SOUTH AND 3 SOUTH FLOORS",,MUSKEGON,MI,49442,Muskegon,(231) 728-5800,5,For profit,07/01/1997,31,
182001,KINDRED HOSPITAL LOUISVILLE,1313 SAINT ANTHONY PLACE,,LOUISVILLE,KY,40204,Jefferson,(502) 587-7001,4,Non-profit,10/01/1995,367,"1313 SAINT ANTHONY PLACE LOUISVILLE, KY 40204 (38.242431, -85.731343)"
392037,SELECT SPECIALTY HOSPITAL - ERIE,252 WEST 11TH STREET,,ERIE,PA,16501,Erie,(814) 874-5300,3,For profit,06/01/2001,50,"252 WEST 11TH STREET ERIE, PA 16501 (42.122469, -80.087573)"
112006,EMORY LONG TERM ACUTE CARE,450 NORTH CANDLER STREET,,DECATUR,GA,30030,DeKalb,(404) 377-0221,4,Non-profit,11/15/1996,76,"450 NORTH CANDLER STREET DECATUR, GA 30030 (33.777185, -84.292636)"
252004,"SPECIALITY HOSPITAL OF MERIDIAN,THE",1314 19TH AVENUE,,MERIDIAN,MS,39301,Lauderdale,(601) 703-4211,4,Non-profit,05/01/1995,49,"1314 19TH AVENUE MERIDIAN, MS 39301 (32.370664, -88.697779)"
462006,"LANDMARK HOSPITAL OF SALT LAKE CITY, LLC",4252 SOUTH BIRKHILL BOULEVARD,,MURRAY,UT,84107,Salt Lake,(801) 268-5400,8,For profit,02/01/2014,38,"4252 SOUTH BIRKHILL BOULEVARD MURRAY, UT 84107 (40.679754, -111.892763)"
102031,PROMISE HOSPITAL OF MIAMI,14001 NW 82ND AVENUE,,MIAMI LAKES,FL,33016,Miami-Dade,(786) 609-9200,4,For profit,04/01/2016,90,"14001 NW 82ND AVENUE MIAMI LAKES, FL 33016 (25.900308, -80.332412)"
012013,"NOLAND HOSPITAL SHELBY II, LLC","1000 FIRST STREET, 3RD FLOOR",,ALABASTER,AL,35007,Shelby,(205) 620-8641,4,Non-profit,03/01/2011,52,"1000 FIRST STREET, 3RD FLOOR ALABASTER, AL 35007 (33.233884, -86.811625)"
362026,SELECT SPECIALTY HOSPITAL- CLEVELAND FAIRHILL,11900 FAIRHILL ROAD,,CLEVELAND,OH,44120,Cuyahoga,(216) 983-8011,5,For profit,10/01/2000,119,"11900 FAIRHILL ROAD CLEVELAND, OH 44120 (41.493125, -81.600124)"
372009,"SELECT SPECIALTY HOSPITAL - OKLAHOMA CITY, INC",3524 NORTHWEST 56TH STREET,,OKLAHOMA CITY,OK,73112,Oklahoma,(405) 606-6700,6,For profit,02/01/1996,72,"3524 NORTHWEST 56TH STREET OKLAHOMA CITY, OK 73112 (35.527957, -97.579816)"
052052,KINDRED HOSPITAL RIVERSIDE,2224 MEDICAL CENTER DRIVE,,PERRIS,CA,92571,Riverside,(951) 436-3535,9,For profit,01/01/2008,40,"2224 MEDICAL CENTER DRIVE PERRIS, CA 92571 (33.812888, -117.221716)"
142013,GREATER PEORIA SPECIALTY HOSPITAL,500 W ROMEO B GARRETT AVENUE,,PEORIA,IL,61605,Peoria,(309) 680-1500,5,Non-profit,05/01/2010,50,"500 W ROMEO B GARRETT AVENUE PEORIA, IL 61605 (40.693413, -89.601429)"
372005,EDMOND - AMG SPECIALTY HOSPITAL,"4300 W MEMORIAL RD, 2ND FL",,OKLAHOMA CITY,OK,73120,Oklahoma,(405) 341-5617,6,For profit,06/01/1993,37,"4300 W MEMORIAL RD, 2ND FL OKLAHOMA CITY, OK 73120 (35.609026, -97.599625)"
372012,INSPIRE SPECIALTY HOSPITAL,8210 NATIONAL AVENUE,,MIDWEST CITY,OK,73110,Oklahoma,(405) 739-0800,6,For profit,05/31/1998,31,"8210 NATIONAL AVENUE MIDWEST CITY, OK 73110 (35.46637, -97.385668)"
332006,CALVARY HOSPITAL INC,1740 - 70 EASTCHESTER R0AD,,BRONX,NY,10461,Bronx,(718) 863-6900,2,Non-profit,07/01/1966,225,
452110,SAGECREST HOSPITAL - GRAPEVINE,4201 WILLIAM D TATE AVENUE,,GRAPEVINE,TX,76051,Tarrant,(817) 288-1300,6,For profit,09/01/2008,60,"4201 WILLIAM D TATE AVENUE GRAPEVINE, TX 76051 (32.890661, -97.098539)"
502002,KINDRED HOSPITAL-SEATTLE,10631 8TH AVE NE,,SEATTLE,WA,98125,King,(206) 364-2050,10,For profit,01/01/1995,80,"10631 8TH AVE NE SEATTLE, WA 98125 (47.706733, -122.320491)"
152020,"ST VINCENT SETON SPECIALTY HOSPITAL, INDIANAPOLIS",8050 TOWNSHIP LINE RD,,INDIANAPOLIS,IN,46260,Marion,(317) 415-8500,5,Non-profit,02/08/2003,74,"8050 TOWNSHIP LINE RD INDIANAPOLIS, IN 46260 (39.901678, -86.203008)"
412001,ELEANOR SLATER HOSPITAL,111 HOWARD AVE,,CRANSTON,RI,02921,Providence,(401) 462-1525,1,Government,07/01/1966,495,"111 HOWARD AVE CRANSTON, RI 02921 (41.743742, -71.46388)"
192035,LOUISIANA EXTENDED CARE HOSPITAL OF NATCHITOCHES,501 KEYSER AVE 4TH FLOOR,,NATCHITOCHES,LA,71457,Natchitoches,(318) 354-2044,6,For profit,03/28/2002,21,"501 KEYSER AVE 4TH FLOOR NATCHITOCHES, LA 71457 (31.753563, -93.079253)"
362028,LIFE CARE HOSPITALS OF DAYTON,4000 MIAMISBURG-CENTERVILLE ROAD,,MIAMISBURG,OH,45342,Montgomery,(937) 384-8300,5,Non-profit,09/01/2001,44,"4000 MIAMISBURG-CENTERVILLE ROAD MIAMISBURG, OH 45342 (39.63982, -84.25126)"
132001,NORTHERN IDAHO ADVANCED CARE HOSPITAL,600 NORTH CECIL ROAD,,POST FALLS,ID,83854,Kootenai,(208) 262-2800,10,For profit,10/01/2006,40,"600 NORTH CECIL ROAD POST FALLS, ID 83854 (47.713249, -116.905074)"
102020,SELECT SPECIALTY HOSPITAL - TALLAHASSEE,1554 SURGEONS DR,,TALLAHASSEE,FL,32308,Leon,(850) 219-6800,4,For profit,03/01/2008,29,"1554 SURGEONS DR TALLAHASSEE, FL 32308 (30.459786, -84.255223)"
342021,CAROLINAS CONTINUECARE HOSPITAL AT UNIVERSITY,8800 NORTH TRYON STREET,,CHARLOTTE,NC,28262,Mecklenburg,(704) 863-8300,4,Non-profit,12/22/2015,35,"8800 NORTH TRYON STREET CHARLOTTE, NC 28262 (35.307836, -80.747985)"
362031,SELECT SPECIALTY HOSPITAL SOUTHEAST OHIO,"200 TAMARACK ROAD, 2ND FLOOR",,NEWARK,OH,43055,Licking,(740) 588-7888,5,For profit,04/01/2004,35,
232012,SELECT SPECIALTY HOSPITAL-FLINT,"401 S BALLENGER, 5TH FLOOR",,FLINT,MI,48532,Genesee,(810) 342-4550,5,For profit,02/01/1998,36,
342017,ASHEVILLE SPECIALTY HOSPITAL,428 BILTMORE AVENUE 4TH FLOOR,,ASHEVILLE,NC,28802,Buncombe,(828) 213-1127,4,For profit,11/01/2003,34,"428 BILTMORE AVENUE 4TH FLOOR ASHEVILLE, NC 28802 (35.580892, -82.550832)"
162003,SELECT SPECIALTY HOSPITAL - DES MOINES,"1111 6TH AVENUE, 4TH FLOOR MAIN",,DES MOINES,IA,50314,Polk,(515) 247-4400,7,For profit,01/01/2015,30,"1111 6TH AVENUE, 4TH FLOOR MAIN DES MOINES, IA 50314 (41.599577, -93.625702)"
452046,PLAZA SPECIALTY HOSPITAL,1300 BINZ,,HOUSTON,TX,77004,Harris,(713) 285-1000,6,For profit,01/01/1995,65,"1300 BINZ HOUSTON, TX 77004 (29.723959, -95.386544)"
192016,SPECIALTY HOSPITAL,"309 JACKSON STREET, 7TH FLOOR",,MONROE,LA,71201,Ouachita,(318) 966-4126,6,For profit,07/01/1995,32,"309 JACKSON STREET, 7TH FLOOR MONROE, LA 71201 (32.499732, -92.11479)"
442011,SELECT SPECIALTY HOSPITAL-NASHVILLE,2000 HAYES STREET,,NASHVILLE,TN,37203,Davidson,(615) 284-4599,4,For profit,05/01/1996,70,"2000 HAYES STREET NASHVILLE, TN 37203 (36.15224, -86.800347)"
342013,LIFECARE HOSPITALS OF NC,1031 NOELL LANE,,ROCKY MOUNT,NC,27804,Nash,(252) 451-2300,4,For profit,07/01/2000,50,"1031 NOELL LANE ROCKY MOUNT, NC 27804 (35.97481, -77.819908)"
392031,SELECT SPECIALTY HOSPITAL - JOHNSTOWN,320 MAIN STREET,,JOHNSTOWN,PA,15901,Cambria,(814) 534-7300,3,Non-profit,05/01/1999,39,"320 MAIN STREET JOHNSTOWN, PA 15901 (40.326417, -78.920885)"
192022,RUSTON REGIONAL SPECIALTY HOSPITAL,1401 EZELL STREET,,RUSTON,LA,71270,Lincoln,(318) 251-3126,6,For profit,07/01/1997,55,"1401 EZELL STREET RUSTON, LA 71270 (32.513851, -92.632387)"
452044,LIFECARE HOSPITALS OF DALLAS,1950 RECORD CROSSING,,DALLAS,TX,75235,Dallas,(214) 525-6300,6,For profit,09/16/1994,206,"1950 RECORD CROSSING DALLAS, TX 75235 (32.817559, -96.848901)"
362022,"SELECT SPECIALTY HOSPITAL-COLUMBUS, INC","1087 DENNISON AVENUE, 2ND FLOOR",,COLUMBUS,OH,43201,Franklin,(614) 458-9000,5,Non-profit,09/01/1999,186,"1087 DENNISON AVENUE, 2ND FLOOR COLUMBUS, OH 43201 (39.983901, -83.008429)"
012009,"NOLAND HOSPITAL BIRMINGHAM II, LLC",50 MEDICAL PARK EAST DRIVE 8TH FLOOR,,BIRMINGHAM,AL,35235,Jefferson,(205) 838-5100,4,Government,03/27/2003,45,"50 MEDICAL PARK EAST DRIVE 8TH FLOOR BIRMINGHAM, AL 35235 (33.595351, -86.665182)"
452042,CHRISTUS DUBUIS HOSPITAL OF BEAUMONT,2830 CALDER AVENUE 4TH FLOOR,,BEAUMONT,TX,77702,Jefferson,(409) 899-7680,6,Non-profit,07/01/1994,53,"2830 CALDER AVENUE 4TH FLOOR BEAUMONT, TX 77702 (30.085583, -94.131702)"
362016,"SELECT SPECIALTY HOSPITAL-NORTHEAST OHIO, INC","1320 MERCY DRIVE, 6TH FLOOR",,CANTON,OH,44708,Stark,(330) 489-8198,5,For profit,03/01/1997,61,"1320 MERCY DRIVE, 6TH FLOOR CANTON, OH 44708 (40.812321, -81.397069)"
112004,"SELECT SPECIALTY HOSPITAL - MIDTOWN ATLANTA, LLC","705 JUNIPER STREET, NE",,ATLANTA,GA,30308,Fulton,(404) 873-2871,4,For profit,04/30/1991,72,"705 JUNIPER STREET, NE ATLANTA, GA 30308 (33.774224, -84.383124)"
232024,SELECT SPECIALTY HOSPITAL-ANN ARBOR,"5301 E HURON RIVER DR, 7TH FL",,YPSILANTI,MI,48197,Washtenaw,(734) 712-0500,5,For profit,05/01/1999,36,"5301 E HURON RIVER DR, 7TH FL YPSILANTI, MI 48197 (42.261803, -83.659819)"
052046,PROMISE HOSPITAL OF EAST LOS ANGELES,16453  COLORADO AVENUE,,PARAMOUNT,CA,90723,Los Angeles,(562) 531-3110,9,For profit,09/27/1995,177,"16453  COLORADO AVENUE PARAMOUNT, CA 90723 (33.885082, -118.161428)"
222023,WESTERN MASSACHUSETTS HOSPITAL,91 EAST MOUNTAIN ROAD,,WESTFIELD,MA,01085,Hampden,(413) 562-4131,1,Government,07/01/1966,102,"91 EAST MOUNTAIN ROAD WESTFIELD, MA 01085 (42.110717, -72.701799)"
462005,UTAH VALLEY SPECIALTY HOSPITAL,306 WEST RIVER BEND LANE,,PROVO,UT,84604,Utah,(801) 226-8880,8,For profit,07/01/2007,40,"306 WEST RIVER BEND LANE PROVO, UT 84604 (40.304919, -111.66207)"
372004,CURAHEALTH OKLAHOMA,1407 NORTH ROBINSON AVENUE,,OKLAHOMA CITY,OK,73103,Oklahoma,(405) 232-8000,6,For profit,10/01/1993,93,"1407 NORTH ROBINSON AVENUE OKLAHOMA CITY, OK 73103 (35.482885, -97.515919)"
342014,HIGHSMITH RAINEY MEMORIAL HOSPITAL,150 ROBESON STREET 4TH FLOOR,,FAYETTEVILLE,NC,28301,Cumberland,(910) 609-6700,4,Non-profit,02/01/2003,112,"150 ROBESON STREET 4TH FLOOR FAYETTEVILLE, NC 28301 (35.054068, -78.887479)"
182002,"CONTINUING CARE HOSPITAL, INC",ONE SAINT JOSEPH DRIVE,,LEXINGTON,KY,40504,Fayette,(859) 268-4800,4,Non-profit,02/27/2002,57,
452086,POST ACUTE MEDICAL SPECIALTY HOSPITAL CORPUS CH,600 ELIZABETH STREET 3RD FLOOR,,CORPUS CHRISTI,TX,78404,Nueces,(361) 881-3223,6,For profit,04/01/2004,41,"600 ELIZABETH STREET 3RD FLOOR CORPUS CHRISTI, TX 78404 (27.777489, -97.395121)"
192008,SAGE SPECIALTY CARE HOSPITAL,8375 FLORIDA BLVD,,DENHAM SPRINGS,LA,70726,Livingston,(225) 665-2664,6,For profit,01/01/1993,85,"8375 FLORIDA BLVD DENHAM SPRINGS, LA 70726 (30.482858, -90.918946)"
462003,SPECIALTY HOSPITAL OF UTAH,401 SOUTH 400 EAST,,BOUNTIFUL,UT,84010,Davis,(801) 295-2361,8,Non-profit,04/01/1982,16,"401 SOUTH 400 EAST BOUNTIFUL, UT 84010 (40.884928, -111.872356)"
292007,LAS VEGAS-AMG SPECIALTY HOSPITAL,4015 SOUTH MCLEOD,,LAS VEGAS,NV,89121,Clark,(702) 433-2200,9,For profit,01/01/2004,24,
192037,HOUMA - AMG SPECIALTY HOSPITAL,629 DUNN STREET,,HOUMA,LA,70360,Terrebonne,(985) 274-0001,6,For profit,05/31/2002,40,"629 DUNN STREET HOUMA, LA 70360 (29.592795, -90.712408)"
062017,NORTHERN COLORADO LONG TERM ACUTE HOSP - LONG TERM,4401A UNION STREET,,JOHNSTOWN,CO,80534,Larimer,(970) 619-3663,8,For profit,03/01/2009,20,"4401A UNION STREET JOHNSTOWN, CO 80534 (40.405436, -104.971293)"
102018,COMPLEX CARE HOSPITAL AT RIDGELAKE,6150 EDGELAKE DR,,SARASOTA,FL,34240,Sarasota,(941) 342-3200,4,Non-profit,04/01/2006,40,"6150 EDGELAKE DR SARASOTA, FL 34240 (27.302053, -82.445847)"
442016,SELECT SPECIALTY HOSPITAL-TRICITIES,"ONE MEDICAL PARK BOULEVARD, 5TH FLOOR",,BRISTOL,TN,37620,Sullivan,(423) 844-5900,4,For profit,11/01/2000,33,
042009,REGENCY HOSPITAL OF NORTHWEST ARKANSAS,609 WEST MAPLE AVENUE,,SPRINGDALE,AR,72764,Washington,(479) 713-7000,6,For profit,11/25/2003,25,"609 WEST MAPLE AVENUE SPRINGDALE, AR 72764 (36.181394, -94.136464)"
452041,CARRUS SPECIALTY HOSPITAL,1810 WEST HIGHWAY 82,,SHERMAN,TX,75092,Grayson,(903) 416-4441,6,Physician,07/01/1994,33,"1810 WEST HIGHWAY 82 SHERMAN, TX 75092 (33.67073, -96.63466)"
212003,DEER'S HEAD CENTER,315 DEER'S HEAD HOSPITAL ROAD,,SALISBURY,MD,21802,Wicomico,(410) 543-4010,3,Government,06/26/1991,66,"315 DEER'S HEAD HOSPITAL ROAD SALISBURY, MD 21802 (38.383291, -75.593432)"
142008,KINDRED HOSPITAL - CHICAGO,365 E NORTH AVE,,NORTHLAKE,IL,60164,Cook,(773) 267-2620,5,For profit,02/01/1992,258,"365 E NORTH AVE NORTHLAKE, IL 60164 (41.9072, -87.889331)"
452022,SELECT SPECIALTY HOSPITAL-DALLAS,2329 PARKER ROAD,,CARROLLTON,TX,75010,Denton,(972) 884-2407,6,Non-profit,11/30/1991,60,"2329 PARKER ROAD CARROLLTON, TX 75010 (33.07394, -96.89252)"
442014,SELECT SPECIALTY HOSPITAL MEMPHIS,5959 PARK AVENUE,,MEMPHIS,TN,38119,Shelby,(901) 765-1245,4,For profit,12/01/1997,30,"5959 PARK AVENUE MEMPHIS, TN 38119 (35.099901, -89.864516)"
442006,CURAHEALTH NASHVILLE,"1412 COUNTY HOSPITAL ROAD, B-1",,NASHVILLE,TN,37218,Davidson,(615) 687-2600,4,Non-profit,07/01/1987,60,"1412 COUNTY HOSPITAL ROAD, B-1 NASHVILLE, TN 37218 (36.182856, -86.849349)"
072004,HOSPITAL FOR SPECIAL CARE,2150 CORBIN AVE,,NEW BRITAIN,CT,06050,Hartford,(860) 223-2761,1,Non-profit,07/01/1966,228,"2150 CORBIN AVE NEW BRITAIN, CT 06050 (41.689439, -72.799163)"
102023,SELECT SPECIALTY HOSPITAL-PALM BEACH,3060 MELALEUCA LANE,,LAKE WORTH,FL,33461,Palm Beach,(561) 357-7200,4,For profit,12/01/2008,60,"3060 MELALEUCA LANE LAKE WORTH, FL 33461 (26.609602, -80.090614)"
352004,VIBRA HOSPITAL OF FARGO,5225 23RD AVE S,,FARGO,ND,58104,Cass,(701) 241-9099,8,For profit,10/02/1998,31,"5225 23RD AVE S FARGO, ND 58104 (46.843983, -96.876534)"
252006,REGENCY HOSPITAL OF MERIDIAN,"1102 CONSTITUTION AVENUE, 2ND FLOOR",,MERIDIAN,MS,39301,Lauderdale,(601) 484-7900,4,For profit,08/01/2003,40,"1102 CONSTITUTION AVENUE, 2ND FLOOR MERIDIAN, MS 39301 (32.36779, -88.699315)"
292008,CARSON TAHOE CONTINUING CARE HOSPITAL,775 FLEISCHMANN WAY 2ND FLR,,CARSON CITY,NV,89703,Carson City,(775) 445-7783,9,Non-profit,03/01/2009,29,"775 FLEISCHMANN WAY 2ND FLR CARSON CITY, NV 89703 (39.171737, -119.772622)"
452059,LIFECARE HOSPITAL OF SAN ANTONIO,8902 FLOYD CURL DRIVE,,SAN ANTONIO,TX,78240,Bexar,(210) 690-7000,6,For profit,09/01/1998,62,"8902 FLOYD CURL DRIVE SAN ANTONIO, TX 78240 (29.526324, -98.590712)"
042006,SELECT SPECIALITY HOSPITAL-FORT SMITH INC,1001 TOWSON AVENUE,,FORT SMITH,AR,72901,Sebastian,(479) 441-3960,6,For profit,09/01/2001,34,"1001 TOWSON AVENUE FORT SMITH, AR 72901 (35.374527, -94.421311)"
512003,CORNERSTONE HOSPITAL OF HUNTINGTON,"2900 FIRST AVENUE, 2E",,HUNTINGTON,WV,25702,Cabell,(304) 399-2600,3,For profit,11/01/2005,28,"2900 FIRST AVENUE, 2E HUNTINGTON, WV 25702 (38.431833, -82.401335)"
192013,CORNERSTONE HOSPITAL SOUTHWEST LOUISIANA,"524 DR MICHAEL DEBAKEY DRIVE, 3RD FLOOR",,LAKE CHARLES,LA,70601,Calcasieu,(337) 310-6033,6,For profit,03/01/1995,33,"524 DR MICHAEL DEBAKEY DRIVE, 3RD FLOOR LAKE CHARLES, LA 70601 (30.215437, -93.22767)"
452080,KINDRED HOSPITAL SUGAR LAND,1550 FIRST COLONY BOULEVARD,,SUGAR LAND,TX,77479,Fort Bend,(281) 275-6000,6,For profit,03/01/2003,171,"1550 FIRST COLONY BOULEVARD SUGAR LAND, TX 77479 (29.60002, -95.637087)"
452091,TYLER CONTINUECARE HOSPITAL (AT MOTHER FRANCES),800 EAST DAWSON 4TH FLOOR,,TYLER,TX,75701,Smith,(903) 531-4942,6,Non-profit,06/02/2004,51,
052039,KINDRED HOSPITAL BREA,875 N BREA BLVD,,BREA,CA,92821,Orange,(714) 529-6842,9,For profit,12/01/1995,48,"875 N BREA BLVD BREA, CA 92821 (33.933665, -117.893515)"
452095,SOLARA HOSPITAL MCALLEN,301 WEST EXPRESSWAY 83-8TH FLOOR,,MC ALLEN,TX,78503,Hidalgo,(956) 632-4880,6,For profit,10/01/2005,53,"301 WEST EXPRESSWAY 83-8TH FLOOR MC ALLEN, TX 78503 (26.188113, -98.225522)"
222027,NEW ENGLAND SINAI HOSPITAL,150 YORK STREET,,STOUGHTON,MA,02072,Norfolk,(781) 364-4850,1,Non-profit,04/30/1976,212,"150 YORK STREET STOUGHTON, MA 02072 (42.143449, -71.097907)"
032002,CURAHEALTH TUCSON,355 NORTH WILMOT ROAD,,TUCSON,AZ,85711,Pima,(520) 584-4500,9,For profit,11/01/1994,51,"355 NORTH WILMOT ROAD TUCSON, AZ 85711 (32.225469, -110.858031)"
102027,KINDRED HOSPITAL MELBOURNE,765 W NASA BLVD,,MELBOURNE,FL,32901,Brevard,(321) 733-5725,4,For profit,08/01/2010,60,"765 W NASA BLVD MELBOURNE, FL 32901 (28.093788, -80.631726)"
232034,ASCENSION BORGESS PIPP HOSPITAL,411 NAOMI STREET,,PLAINWELL,MI,49080,Allegan,(269) 685-0700,5,Non-profit,07/01/2003,43,"411 NAOMI STREET PLAINWELL, MI 49080 (42.446633, -85.65286)"
452038,TEXAS NEURO REHABILITATION CENTER,1106 W DITTMAR,,AUSTIN,TX,78745,Travis,(512) 444-4835,6,For profit,07/01/1994,47,"1106 W DITTMAR AUSTIN, TX 78745 (30.185737, -97.804457)"
192040,"SOUTHEAST REGIONAL MEDICAL CENTER, INC",719 AVENUE G,,KENTWOOD,LA,70444,Tangipahoa,(985) 229-9193,6,Non-profit,08/13/2001,14,"719 AVENUE G KENTWOOD, LA 70444 (30.936752, -90.519252)"
062011,CRAIG HOSPITAL,3425 SOUTH CLARKSON STREET,,ENGLEWOOD,CO,80113,Arapahoe,(303) 789-8000,8,Non-profit,10/01/1992,93,"3425 SOUTH CLARKSON STREET ENGLEWOOD, CO 80113 (39.654106, -104.978246)"
362035,ACUITY SPECIALTY HOSPITAL OHIO VALLEY,"4697 HARRISON STREET, 2ND FLOOR",,BELLAIRE,OH,43906,Belmont,(740) 671-2086,5,For profit,04/01/2006,72,"4697 HARRISON STREET, 2ND FLOOR BELLAIRE, OH 43906 (40.029885, -80.740897)"
252009,REGENCY HOSPITAL OF HATTIESBURG,6051 US HIGHWAY 49 5TH FLOOR,,HATTIESBURG,MS,39404,Forrest,(601) 288-8510,4,Government,06/01/2004,33,"6051 US HIGHWAY 49 5TH FLOOR HATTIESBURG, MS 39404 (31.319256, -89.328378)"
152012,KINDRED HOSPITAL NORTHWEST INDIANA,5454 HOHMAN AVE  5TH FL,,HAMMOND,IN,46320,Lake,(219) 852-5305,5,For profit,09/01/1996,70,"5454 HOHMAN AVE  5TH FL HAMMOND, IN 46320 (41.614505, -87.522018)"
452106,PAM SPECIALTY HOSPITAL OF NEW BRAUNFELS,1445 HANZ DRIVE,,NEW BRAUNFELS,TX,78130,Comal,(830) 627-7600,6,For profit,05/01/2008,40,"1445 HANZ DRIVE NEW BRAUNFELS, TX 78130 (29.727604, -98.100834)"
112016,"REGENCY HOSPITAL COMPANY OF MACON, LLC",535 COLISEUM DRIVE,,MACON,GA,31217,Bibb,(478) 803-7300,4,For profit,11/01/2004,34,"535 COLISEUM DRIVE MACON, GA 31217 (32.847481, -83.616679)"
262018,KINDRED HOSPITAL NORTHLAND,500 NW 68TH STREET,,KANSAS CITY,MO,64118,Clay,(816) 420-6300,7,For profit,05/06/2008,35,"500 NW 68TH STREET KANSAS CITY, MO 64118 (39.218119, -94.585534)"
282000,MADONNA REHABILITATION SPECIALTY HOSPITAL LINCOLN,5401 SOUTH ST,,LINCOLN,NE,68506,Lancaster,(402) 413-3000,7,Non-profit,07/01/1984,96,"5401 SOUTH ST LINCOLN, NE 68506 (40.791637, -96.647214)"
152025,CENTRAL INDIANA  AMG SPECIALTY HOSPITAL LLC,2401 W UNIVERSITY AVE 5TH FLOOR EAST TOWER,,MUNCIE,IN,47303,Delaware,(765) 751-5253,5,For profit,02/16/2005,32,
522008,SELECT SPECIALTY HOSPITAL MADISON,801 BRAXTON PLACE,,MADISON,WI,53715,Dane,(608) 260-2700,5,For profit,06/01/2007,23,"801 BRAXTON PLACE MADISON, WI 53715 (43.066283, -89.399724)"
372019,CORNERSTONE SPECIALTY HOSPITALS SHAWNEE,"1900 GORDON COOPER DRIVE, 2ND FLOOR",,SHAWNEE,OK,74801,Pottawatomie,(405) 395-5800,6,Non-profit,09/01/2005,34,"1900 GORDON COOPER DRIVE, 2ND FLOOR SHAWNEE, OK 74801 (35.297665, -96.92593)"
052054,MONROVIA MEMORIAL HOSPITAL,323 SOUTH HELIOTROPE AVENUE,,MONROVIA,CA,91016,Los Angeles,(626) 359-9341,9,For profit,05/01/2009,49,"323 SOUTH HELIOTROPE AVENUE MONROVIA, CA 91016 (34.148733, -117.992155)"
372017,LANE FROST HEALTH AND REHABILITATION CENTER,2815 EAST JACKSON,,HUGO,OK,74743,Choctaw,(580) 326-9200,6,Non-profit,07/01/2004,60,"2815 EAST JACKSON HUGO, OK 74743 (34.001336, -95.482571)"
052034,KINDRED HOSPITAL - SAN FRANCISCO BAY AREA,2800 BENEDICT DRIVE,,SAN LEANDRO,CA,94577,Alameda,(510) 357-8300,9,For profit,01/29/1993,99,"2800 BENEDICT DRIVE SAN LEANDRO, CA 94577 (37.717533, -122.131991)"
392028,CURAHEALTH PITTSBURGH,7777 STEUBENVILLE PIKE,,OAKDALE,PA,15071,Allegheny,(412) 494-5500,3,For profit,07/01/1996,63,"7777 STEUBENVILLE PIKE OAKDALE, PA 15071 (40.440138, -80.209893)"
222043,VIBRA HOSPITAL OF SOUTHEASTERN MASSACHUSETTS,4499 ACUSHNET AVENUE,,NEW BEDFORD,MA,02745,Bristol,(508) 995-6900,1,For profit,01/01/1993,90,"4499 ACUSHNET AVENUE NEW BEDFORD, MA 02745 (41.740044, -70.943956)"
492001,LAKE TAYLOR TRANSITIONAL CARE HOSPITAL,1309 KEMPSVILLE ROAD,,NORFOLK,VA,23502,Norfolk City,(757) 461-5001,3,Government,07/01/1966,296,"1309 KEMPSVILLE ROAD NORFOLK, VA 23502 (36.867396, -76.204454)"
342018,SELECT SPECIALTY HOSPITAL DURHAM INC,3643 NORTH ROXBORO ROAD 6TH FLOOR,,DURHAM,NC,27704,Durham,(919) 470-9010,4,For profit,02/01/2004,30,"3643 NORTH ROXBORO ROAD 6TH FLOOR DURHAM, NC 27704 (36.037439, -78.897037)"
102001,SELECT SPECIALTY HOSPITAL-MIAMI,955 NW 3RD STREET 8TH FLOOR,,MIAMI,FL,33128,Miami-Dade,(305) 416-5700,4,For profit,09/01/2003,47,"955 NW 3RD STREET 8TH FLOOR MIAMI, FL 33128 (25.776551, -80.21065)"
172007,SELECT SPECIALTY HOSPITAL WICHITA,"929 NORTH ST FRANCIS, 6TH FLOOR, NORTH TOWER",,WICHITA,KS,67214,Sedgwick,(316) 962-3930,7,For profit,01/01/2001,48,
232037,SPARROW SPECIALTY HOSPITAL,"1215 E MICHIGAN AVE, 8W SPARROW HOSPITAL TOWER",,LANSING,MI,48912,Ingham,(517) 364-6800,5,Non-profit,01/01/2005,36,"1215 E MICHIGAN AVE, 8W SPARROW HOSPITAL TOWER LANSING, MI 48912 (42.733609, -84.534816)"
192041,ZACHARY - A M G SPECIALTY HOSPITAL,"4601 MCHUGH ROAD, BLDG B",,ZACHARY,LA,70791,East Baton Rouge,(225) 683-1600,6,For profit,01/10/2003,16,"4601 MCHUGH ROAD, BLDG B ZACHARY, LA 70791 (30.645758, -91.139308)"
052031,BARLOW RESPIRATORY HOSPITAL,2000 STADIUM WAY,,LOS ANGELES,CA,90026,Los Angeles,(213) 250-4200,9,Non-profit,09/01/1984,99,"2000 STADIUM WAY LOS ANGELES, CA 90026 (34.075878, -118.248646)"
012014,NORTH ALABAMA SPECIALTY HOSPITAL,"700 WEST MARKET STREET, 2ND FLOOR",,ATHENS,AL,35611,Limestone,(337) 269-9566,4,For profit,05/01/2016,31,"700 WEST MARKET STREET, 2ND FLOOR ATHENS, AL 35611 (34.803499, -86.977803)"
102029,PROMISE HOSPITAL OF FORT MYERS,3050 CHAMPION RING ROAD,,FORT MYERS,FL,33905,Lee,(708) 363-4925,4,For profit,09/01/2015,60,"3050 CHAMPION RING ROAD FORT MYERS, FL 33905 (26.630887, -81.802028)"
392033,GOOD SHEPHERD SPECIALTY HOSPITAL,2545 SCHOENERSVILLE ROAD,,BETHLEHEM,PA,18017,Lehigh,(484) 884-5051,3,Non-profit,07/01/2000,32,"2545 SCHOENERSVILLE ROAD BETHLEHEM, PA 18017 (40.645477, -75.405941)"
182009,CONTINUECARE HOSPITAL AT BAPTIST HLTH MADISONVILLE,"900 HOSPITAL DRIVE, 4TH FLOOR",,MADISONVILLE,KY,42431,Hopkins,(270) 825-5450,4,Non-profit,04/01/2016,35,"900 HOSPITAL DRIVE, 4TH FLOOR MADISONVILLE, KY 42431 (37.339177, -87.493845)"
102012,CURAHEALTH JACKSONVILLE LLC,4901 RICHARD ST,,JACKSONVILLE,FL,32207,Duval,(904) 737-3120,4,For profit,05/01/1993,107,"4901 RICHARD ST JACKSONVILLE, FL 32207 (30.271029, -81.616762)"
292006,COMPLEX CARE HOSPITAL AT TENAYA,2500 TENAYA WAY,,LAS VEGAS,NV,89128,Clark,(702) 562-2021,9,For profit,01/01/2002,70,"2500 TENAYA WAY LAS VEGAS, NV 89128 (36.205523, -115.251416)"
362038,ADVANCED SPECIALTY HOSPITAL OF TOLEDO,1015 GARDEN LAKE PARKWAY,,TOLEDO,OH,43614,Lucas,(419) 381-0037,5,For profit,03/01/2009,40,"1015 GARDEN LAKE PARKWAY TOLEDO, OH 43614 (41.619814, -83.59727)"
312023,ACUITY SPECIALTY HOSPITAL OF NEW JERSEY,1925 PACIFIC AVENUE 5TH FLOOR,,ATLANTIC CITY,NJ,08401,Atlantic,(609) 441-2122,2,For profit,06/01/2010,30,"1925 PACIFIC AVENUE 5TH FLOOR ATLANTIC CITY, NJ 08401 (39.357791, -74.433942)"
372022,CORNERSTONE SPECIALTY HOSPITALS MUSKOGEE,351 SOUTH 40TH STREET,,MUSKOGEE,OK,74401,Muskogee,(918) 682-6161,6,For profit,07/01/2007,64,"351 SOUTH 40TH STREET MUSKOGEE, OK 74401 (35.75281, -95.411622)"
452101,SOLARA HOSPITAL HARLINGEN,508 VICTORIA LANE,,HARLINGEN,TX,78550,Cameron,(682) 831-9670,6,For profit,08/01/2007,41,"508 VICTORIA LANE HARLINGEN, TX 78550 (26.159907, -97.67358)"
112007,WELLSTAR WINDY HILL HOSPITAL,2540 WINDY HILL ROAD,,MARIETTA,GA,30067,Cobb,(770) 644-1081,4,Non-profit,07/01/1997,115,"2540 WINDY HILL ROAD MARIETTA, GA 30067 (33.90123, -84.479258)"
242005,REGENCY HOSPITAL OF MINNEAPOLIS LLC,1300 HIDDEN LAKES PARKWAY,,GOLDEN VALLEY,MN,55422,Hennepin,(763) 302-8301,5,For profit,06/01/1995,92,"1300 HIDDEN LAKES PARKWAY GOLDEN VALLEY, MN 55422 (44.992348, -93.332977)"
372007,"SELECT SPECIALTY HOSPITAL - TULSA/MIDTOWN, LLC","1125 SOUTH TRENTON, 2ND & 3RD FLOOR",,TULSA,OK,74120,Tulsa,(918) 579-7301,6,For profit,09/01/1994,56,
192048,P A M SPECIALTY HOSPITAL OF COVINGTON,20050 CRESTWOOD BLVD,,COVINGTON,LA,70433,St. Tammany,(985) 875-7525,6,For profit,01/30/2004,58,"20050 CRESTWOOD BLVD COVINGTON, LA 70433 (30.45082, -90.06663)"
452057,NEXUS SPECIALTY HOSPITAL THE WOODLANDS,9182 SIX PINES DRIVE,,THE WOODLANDS,TX,77380,Montgomery,(713) 364-0317,6,For profit,04/23/1997,75,"9182 SIX PINES DRIVE THE WOODLANDS, TX 77380 (30.172344, -95.4612)"
452043,PINE VALLEY SPECIALTY HOSPITAL,6160 S LOOP EAST,,HOUSTON,TX,77087,Harris,(713) 640-2400,6,For profit,09/01/1994,59,"6160 S LOOP EAST HOUSTON, TX 77087 (29.695164, -95.317679)"
052047,VIBRA HOSPITAL OF NORTHERN CALIFORNIA,2801 EUREKA WAY,,REDDING,CA,96001,Shasta,(530) 246-9000,9,For profit,01/01/2006,56,"2801 EUREKA WAY REDDING, CA 96001 (40.585677, -122.414102)"
232036,HENRY FORD ALLEGIANCE SPECIALTY HOSPITAL,110 N ELM AVENUE,,JACKSON,MI,49202,Jackson,(517) 205-4463,5,Non-profit,03/01/2004,64,"110 N ELM AVENUE JACKSON, MI 49202 (42.252116, -84.384372)"
432002,SELECT SPECIALTY HOSPITAL - SOUTH DAKOTA,1305 WEST 18TH STREET,,SIOUX FALLS,SD,57105,Minnehaha,(605) 312-9520,8,For profit,03/01/1998,24,"1305 WEST 18TH STREET SIOUX FALLS, SD 57105 (43.536678, -96.743388)"
192055,LOUISIANA EXTENDED CARE HOSPITAL OF WEST MONROE,"503 MCMILLIAN ROAD, 3RD FLOOR",,WEST MONROE,LA,71291,Ouachita,(318) 329-4300,6,For profit,07/25/2005,21,
052038,KINDRED HOSPITAL -- LA MIRADA,14900 E IMPERIAL HWY,,LA MIRADA,CA,90638,Los Angeles,(562) 944-1900,9,For profit,11/01/1995,277,"14900 E IMPERIAL HWY LA MIRADA, CA 90638 (33.917123, -118.013454)"
072006,"STATE OF CONNECTICUT, DEPT OF VETERANS' AFFAIRS",287 WEST STREET,,ROCKY HILL,CT,06067,Hartford,(860) 529-2571,1,Government,07/01/1966,300,"287 WEST STREET ROCKY HILL, CT 06067 (41.653404, -72.650091)"
252012,"REGENCY HOSPITAL OF JACKSON, LLC","969 LAKELAND DRIVE, 6TH FLOOR",,JACKSON,MS,39216,Hinds,(601) 364-6200,4,For profit,10/01/2006,36,"969 LAKELAND DRIVE, 6TH FLOOR JACKSON, MS 39216 (32.333691, -90.165103)"
312020,KINDRED HOSPITAL NEW JERSEY - MORRIS COUNTY,400 WEST BLACKWELL STREET,,DOVER,NJ,07801,Morris,(973) 537-3816,2,For profit,03/01/2005,117,"400 WEST BLACKWELL STREET DOVER, NJ 07801 (40.886051, -74.576945)"
042010,CORNERSTONE HOSPITAL LITTLE ROCK,"2 ST VINCENT CIRCLE, 6TH FLOOR",,LITTLE ROCK,AR,72205,Pulaski,(501) 265-0622,6,For profit,06/01/2007,40,"2 ST VINCENT CIRCLE, 6TH FLOOR LITTLE ROCK, AR 72205 (34.750183, -92.338251)"
392027,KINDRED HOSPITAL PHILADELPHIA,6129 PALMETTO STREET,,LAWNCREST,PA,19111,Philadelphia,(215) 722-8555,3,For profit,10/01/1995,52,"6129 PALMETTO STREET LAWNCREST, PA 19111 (40.046066, -75.097431)"
452114,ATRIUM MEDICAL CENTER,"11929 W AIRPORT BLVD, SUITE 110",,STAFFORD,TX,77477,Fort Bend,(281) 207-8200,6,Physician,08/30/2007,68,"11929 W AIRPORT BLVD, SUITE 110 STAFFORD, TX 77477 (29.647751, -95.588228)"
382004,VIBRA SPECIALTY HOSPITAL OF PORTLAND,10300 NE HANCOCK STREET,,PORTLAND,OR,97220,Multnomah,(503) 257-5500,10,For profit,02/01/2008,73,"10300 NE HANCOCK STREET PORTLAND, OR 97220 (45.536305, -122.557158)"
342020,SELECT SPECIALTY HOSPITAL-GREENSBORO,"1200 NORTH ELM STREET, 5TH FLOOR",,GREENSBORO,NC,27401,Guilford,(336) 832-7000,4,For profit,05/01/2010,30,"1200 NORTH ELM STREET, 5TH FLOOR GREENSBORO, NC 27401 (36.090652, -79.788815)"
442017,REGIONAL ONE HEALTH EXTENDED CARE HOSPITAL,"890 MADISON AVENUE, 4TH FLOOR",,MEMPHIS,TN,38103,Shelby,(901) 513-3000,4,Non-profit,02/03/2014,30,"890 MADISON AVENUE, 4TH FLOOR MEMPHIS, TN 38103 (35.140373, -90.03139)"
152028,VIBRA HOSPITAL OF NORTHWESTERN INDIANA,9509 GEORGIA ST,,CROWN POINT,IN,46307,Lake,(219) 472-2200,5,For profit,02/01/2009,40,"9509 GEORGIA ST CROWN POINT, IN 46307 (41.444318, -87.326217)"
342015,CAROLINAS CONTINUECARE HOSPITAL AT PINEVILLE,"10648 PARK RD, 3RD FL",,CHARLOTTE,NC,28210,Mecklenburg,(704) 379-5117,4,Non-profit,08/01/2003,40,"10648 PARK RD, 3RD FL CHARLOTTE, NC 28210 (35.092031, -80.869112)"
362024,SELECT SPECIALTY HOSPITAL - YOUNGSTOWN,1044 BELMONT AVE,,YOUNGSTOWN,OH,44501,Mahoning,(330) 841-4750,5,For profit,06/23/1999,31,"1044 BELMONT AVE YOUNGSTOWN, OH 44501 (41.114321, -80.65571)"
012010,"NOLAND HOSPITAL DOTHAN II, LLC","1108 ROSS CLARK CIRCLE, 4TH FLOOR",,DOTHAN,AL,36302,Houston,(334) 699-4300,4,Non-profit,10/01/2004,35,"1108 ROSS CLARK CIRCLE, 4TH FLOOR DOTHAN, AL 36302 (31.214058, -85.361725)"
442007,KINDRED HOSPITAL - CHATTANOOGA,709 WALNUT STREET,,CHATTANOOGA,TN,37402,Hamilton,(423) 266-7721,4,For profit,10/01/1993,49,"709 WALNUT STREET CHATTANOOGA, TN 37402 (35.047959, -85.307419)"
192010,"PROMISE HOSPITAL OF LOUISIANA, INC",1800 IRVING PLACE,,SHREVEPORT,LA,71101,Caddo,(318) 425-4096,6,For profit,01/01/1994,196,"1800 IRVING PLACE SHREVEPORT, LA 71101 (32.493978, -93.744499)"
192030,"ST THERESA SPECIALTY HOSPITAL, LLC",3601 LOYOLA DRIVE,,KENNER,LA,70065,Jefferson,(504) 461-2249,6,For profit,02/05/2001,42,"3601 LOYOLA DRIVE KENNER, LA 70065 (30.024223, -90.269484)"
452083,MID-JEFFERSON EXTENDED CARE HOSPITAL,2600 HWY 365,,NEDERLAND,TX,77627,Jefferson,(409) 726-8700,6,For profit,10/01/2003,48,"2600 HWY 365 NEDERLAND, TX 77627 (29.9554, -93.985594)"
452055,CORNERSTONE SPECIALTY HOSPITALS MEDICAL CENTER,2001 HERMANN DRIVE,,HOUSTON,TX,77004,Harris,(832) 649-6200,6,For profit,03/01/1997,35,"2001 HERMANN DRIVE HOUSTON, TX 77004 (29.718079, -95.383386)"
522006,SELECT SPECIALTY HOSPITAL MILWAUKEE,8901 W LINCOLN AVE  2ND FLOOR,,WEST ALLIS,WI,53227,Milwaukee,(414) 328-7700,5,For profit,10/31/1999,63,"8901 W LINCOLN AVE  2ND FLOOR WEST ALLIS, WI 53227 (43.002702, -88.023065)"
112003,SHEPHERD CENTER,2020 PEACHTREE RD NW,,ATLANTA,GA,30309,Fulton,(404) 350-7311,4,Non-profit,04/01/1984,152,"2020 PEACHTREE RD NW ATLANTA, GA 30309 (33.809618, -84.393025)"
312019,SELECT SPECIALTY HOSPITAL NORTHEAST,96 PARKWAY,,ROCHELLE PARK,NJ,07662,Bergen,(201) 221-2352,2,Non-profit,11/01/2004,62,"96 PARKWAY ROCHELLE PARK, NJ 07662 (40.89757, -74.076)"
142009,THC CHICAGO INC DBA KINDRED CHICAGO,4058 W MELROSE,,CHICAGO,IL,60641,Cook,(773) 736-7000,5,For profit,07/04/1994,94,"4058 W MELROSE CHICAGO, IL 60641 (41.94, -87.728668)"
452051,UT HEALTH EAST TEXAS SPECIALTY HOSPITAL,1000 S BECKHAM FL 5,,TYLER,TX,75701,Smith,(903) 535-6551,6,Non-profit,05/01/1995,36,"1000 S BECKHAM FL 5 TYLER, TX 75701 (32.338102, -95.291862)"
452067,PROMISE HOSPITAL OF DALLAS,7955 HARRY HINES BLVD,,DALLAS,TX,75235,Dallas,(214) 637-0000,6,For profit,10/15/1996,66,"7955 HARRY HINES BLVD DALLAS, TX 75235 (32.83301, -96.860567)"
192023,ST CATHERINE MEMORIAL HOSPITAL,14500 HAYNE BLVD,,NEW ORLEANS,LA,70128,Orleans,(504) 210-3000,6,Non-profit,01/01/1999,21,"14500 HAYNE BLVD NEW ORLEANS, LA 70128 (30.071445, -89.949096)"
062015,KINDRED HOSPITAL - DENVER SOUTH,2525 S DOWNING ST 3RD FLOOR,,DENVER,CO,80210,Denver,(303) 715-7373,8,For profit,10/01/2000,65,"2525 S DOWNING ST 3RD FLOOR DENVER, CO 80210 (39.67064, -104.973482)"
042004,CHRISTUS DUBUIS HOSPITAL OF HOT SPRINGS,"300 WERNER STREET, 3RD FLOOR",,HOT SPRINGS,AR,71913,Garland,(501) 609-4300,6,For profit,10/01/1999,27,"300 WERNER STREET, 3RD FLOOR HOT SPRINGS, AR 71913 (34.466035, -93.066396)"
222047,WHITTIER REHABILITATION HOSPITAL - BRADFORD,145 WARD HILL AVENUE,,BRADFORD,MA,01835,Essex,(978) 372-8000,1,For profit,10/01/2005,60,"145 WARD HILL AVENUE BRADFORD, MA 01835 (42.762024, -71.118034)"
252003,SELECT SPECIALTY HOSPITAL - BELHAVEN,1225 NORTH STATE STREET,,JACKSON,MS,39202,Hinds,(601) 968-1260,4,For profit,08/17/1993,25,"1225 NORTH STATE STREET JACKSON, MS 39202 (32.314278, -90.178228)"
102022,SELECT SPECIALTY HOSPITAL GAINESVILLE INC,1600 SW ARCHER RD 5TH FLOOR,,GAINESVILLE,FL,32610,Alachua,(352) 265-0055,4,For profit,08/01/2008,44,"1600 SW ARCHER RD 5TH FLOOR GAINESVILLE, FL 32610 (29.639223, -82.343325)"
102017,SELECT SPECIALTY HOSPITAL - PANAMA CITY,615 N BONITA AVE,,PANAMA CITY,FL,32401,Bay,(850) 767-3180,4,Government,08/01/2004,30,"615 N BONITA AVE PANAMA CITY, FL 32401 (30.159681, -85.647067)"
252013,ALLEGIANCE SPECIALTY HOSPITAL OF GREENVILLE,"300 SOUTH WASHINGTON AVE, 3RD FLOOR",,GREENVILLE,MS,38701,Washington,(662) 332-7344,4,For profit,11/01/2011,39,"300 SOUTH WASHINGTON AVE, 3RD FLOOR GREENVILLE, MS 38701 (33.404101, -91.051617)"
422009,REGENCY HOSPITAL OF GREENVILLE,"1 ST FRANCIS DRIVE, 4TH FLOOR",,GREENVILLE,SC,29601,Greenville,(864) 255-1401,4,For profit,08/01/2005,32,
492010,CENTRA SPECIALTY HOSPITAL,"3300 RIVERMONT AVENUE,  KRISE BUILDING, 5TH FLOOR",,LYNCHBURG,VA,24503,Lynchburg City,(434) 200-1960,3,Non-profit,01/01/2008,36,"3300 RIVERMONT AVENUE,  KRISE BUILDING, 5TH FLOOR LYNCHBURG, VA 24503 (37.439227, -79.18859)"
112018,"LANDMARK HOSPITAL OF SAVANNAH, LLC",800 E 68TH STREET,,SAVANNAH,GA,31405,Chatham,(573) 331-8420,4,For profit,11/26/2014,50,"800 E 68TH STREET SAVANNAH, GA 31405 (32.028228, -81.095018)"
172005,SELECT SPECIALTY HOSPITAL OF KS CITY,1731 NORTH 90TH STREET,,KANSAS CITY,KS,66112,Wyandotte,(913) 732-5930,7,For profit,04/30/1996,40,"1731 NORTH 90TH STREET KANSAS CITY, KS 66112 (39.124527, -94.788552)"
362037,SELECT SPECIALTY HOSPITAL COLUMBUS,1430 SOUTH HIGH STREET,,COLUMBUS,OH,43207,Franklin,(614) 456-0339,5,For profit,07/01/2008,43,"1430 SOUTH HIGH STREET COLUMBUS, OH 43207 (39.932672, -82.995931)"
362027,SELECT SPECIALTY HOSPITAL-AKRON,200 EAST MARKET STREET,,AKRON,OH,44308,Summit,(330) 761-7500,5,For profit,12/01/2000,34,"200 EAST MARKET STREET AKRON, OH 44308 (41.083275, -81.511862)"
392045,"SELECT SPECIALTY HOSPITAL - MCKEESPORT, INC",1500 FIFTH AVENUE,,MC KEESPORT,PA,15132,Allegheny,(412) 664-2900,3,For profit,09/01/2004,30,"1500 FIFTH AVENUE MC KEESPORT, PA 15132 (40.3523, -79.849218)"
452094,PAM SPECIALTY HOSPITAL OF VICTORIA NORTH,102 MEDICAL DRIVE,,VICTORIA,TX,77904,Victoria,(361) 576-6200,6,For profit,09/01/2005,26,"102 MEDICAL DRIVE VICTORIA, TX 77904 (28.854304, -97.021461)"
192006,CORNERSTONE SPECIALTY HOSPITALS BOSSIER CITY,4900 MEDICAL DRIVE,,BOSSIER CITY,LA,71112,Bossier,(318) 747-9500,6,For profit,09/30/1991,62,"4900 MEDICAL DRIVE BOSSIER CITY, LA 71112 (32.460624, -93.667827)"
452111,ATRIUM MEDICAL CENTER AT CORINTH,2813 S MAYHILL ROAD 2ND FLOOR,,DENTON,TX,76208,Denton,(940) 320-2300,6,For profit,10/17/2007,60,"2813 S MAYHILL ROAD 2ND FLOOR DENTON, TX 76208 (33.175894, -97.088288)"
112010,KINDRED HOSPITAL ROME,320 TURNER MCCALL BOULEVARD,,ROME,GA,30165,Floyd,(706) 509-4100,4,For profit,07/01/2001,45,"320 TURNER MCCALL BOULEVARD ROME, GA 30165 (34.260434, -85.178562)"
422006,CONTINUECARE HOSPITAL AT PALMETTO HEALTH BAPTIST,1330 TAYLOR AT MARION STREET,,COLUMBIA,SC,29201,Richland,(803) 296-3757,4,Non-profit,08/01/1999,35,"1330 TAYLOR AT MARION STREET COLUMBIA, SC 29201 (34.007233, -81.033728)"
252007,SELECT SPECIALTY HOSPITAL JACKSON,5903 RIDGEWOOD ROAD,,JACKSON,MS,39211,Hinds,(601) 899-3800,4,Non-profit,03/01/2003,53,"5903 RIDGEWOOD ROAD JACKSON, MS 39211 (32.389929, -90.141609)"
322004,ADVANCED CARE HOSPITAL OF SOUTHERN NEW MEXICO LLC,4451 EAST LOHMAN AVENUE,,LAS CRUCES,NM,88011,Dona Ana,(575) 521-6600,6,Government,03/01/2009,20,"4451 EAST LOHMAN AVENUE LAS CRUCES, NM 88011 (32.325583, -106.723142)"
452112,ICON HOSPITAL,19211 MCKAY BLVD,,HUMBLE,TX,77338,Harris,(704) 887-7283,6,Physician,02/01/2009,54,"19211 MCKAY BLVD HUMBLE, TX 77338 (29.998701, -95.275506)"
262014,SELECT SPECIALTY HOSPITAL - WESTERN MISSOURI,"2316 EAST MEYER BOULEVARD, 3-WEST",,KANSAS CITY,MO,64132,Jackson,(816) 276-9444,7,For profit,08/18/2005,34,"2316 EAST MEYER BOULEVARD, 3-WEST KANSAS CITY, MO 64132 (39.007169, -94.558731)"
152007,KINDRED HOSPITAL INDIANAPOLIS,1700 W 10TH ST,,INDIANAPOLIS,IN,46222,Marion,(317) 636-4400,5,For profit,02/01/1994,59,"1700 W 10TH ST INDIANAPOLIS, IN 46222 (39.780806, -86.190933)"
